strategy,campaign,family,budget_semantics,page_selection_semantics,interior_leaf_split,plan_generation
2d,primary,structural_interior_skeleton,fixed full interior skeleton (92 interior pages); workload/seed-independent,all 92 interior (non-leaf) b-tree pages; set-equality to interior_pages.csv,imposed_structural,offline_frozen_static
layers_5,primary,structural_interior_prefix,fixed shallow prefix (first 5 interior pages),"strict prefix of the 92-page 2d skeleton by native (offset,page) order",imposed_structural,offline_frozen_static
2e_K10,primary,skeleton_plus_hot_leaves,"interior skeleton (92) UNION top-K hot leaves, K=10 -> 102 total",2d skeleton union top-10 frequency-hot leaf pages (leaf half seed-dependent),imposed_92_interior_plus_hot_leaves,offline_frozen_per_seed
2f_slru,primary,resident_working_set_slru,entire per-seed resident working set (SLRU); footprint varies per seed,"full SLRU resident set for workload+seed; interior half = 92 skeleton (set-equal every seed), leaf/total per-seed",interior_92_fixed_leaf_per_seed,offline_frozen_per_seed
2e_K500,secondary,skeleton_plus_hot_leaves,"interior skeleton (92) UNION top-K hot leaves, K=500 -> 592 total",2d skeleton union top-500 frequency-hot leaf pages,imposed_92_interior_plus_hot_leaves,offline_frozen_per_seed
leaf_freq_K10,secondary,leaf_only_control,"leaf-only, 10 pages (frequency arm)",top-10 frequency-hot leaf pages only; interior skeleton removed,imposed_leaf_only_interior_0,offline_frozen_per_seed
leaf_rand_K10,secondary,leaf_only_control,"leaf-only, 10 pages (random control arm)",10 random leaf pages via deterministic seeded RNG; interior skeleton omitted,imposed_leaf_only_interior_0,offline_frozen_per_seed
2f_top102,secondary,frequency_ranked_total_budget,total-page budget-matched to 2e_K10 (N_YC=102),top-102 pages by root->leaf traversal frequency; NO page-type knowledge,emergent_not_imposed_observed_51_interior_51_leaf,offline_frozen_per_seed
learned_markov_102,secondary,learned_total_budget,total-page budget-matched to 2e_K10 (N_YC=102),"top-102 pages by first-order Markov expected-visit score, held-out LOSO model (train on other 9 seeds); NO page-type knowledge",emergent_not_imposed_observed_51_interior_51_leaf,offline_frozen_per_seed_LOSO
