page_number,file_offset
2,4096
3,8192
4,12288
25460,104280064
25461,104284160
25462,104288256
25464,104296448
25465,104300544
25466,104304640
25467,104308736
25468,104312832
25469,104316928
25471,104325120
25472,104329216
25473,104333312
25474,104337408
25476,104345600
25477,104349696
25478,104353792
25480,104361984
25481,104366080
25482,104370176
25483,104374272
25484,104378368
25485,104382464
25486,104386560
25488,104394752
25489,104398848
25490,104402944
25492,104411136
25493,104415232
25495,104423424
25497,104431616
25498,104435712
25499,104439808
25500,104443904
25501,104448000
25502,104452096
25503,104456192
25505,104464384
25506,104468480
25507,104472576
25508,104476672
25509,104480768
26007,106520576
