block_id,workload_id,workload_family,target_strategy,seed,handle_mode,n_pairs,n_repetitions
block10,native_ycsb_c_hot_hashed_01,YCh01,layers_5,1,standalone,3,3
block10,native_ycsb_c_hot_hashed_01,YCh01,layers_5,1,warm,3,3
block10,native_ycsb_c_read_uniform,YCu,layers_5,1,standalone,3,3
block10,native_ycsb_c_read_uniform,YCu,layers_5,1,warm,3,3
block10,read_tail_mixed_20k,C,layers_5,1,standalone,3,3
block10,read_tail_mixed_20k,C,layers_5,1,warm,3,3
block11,read_tail_hit_20k,C_hit,2d,1,standalone,3,3
block11,read_tail_hit_20k,C_hit,2d,1,warm,3,3
block5,native_ycsb_c_read_zipf,YC,2f_top14,1,standalone,3,3
block5,native_ycsb_c_read_zipf,YC,2f_top14,1,warm,3,3
block5,native_ycsb_c_read_zipf,YC,2f_top14,2,standalone,3,3
block5,native_ycsb_c_read_zipf,YC,2f_top14,2,warm,3,3
block5,native_ycsb_c_read_zipf,YC,2f_top14,3,standalone,3,3
block5,native_ycsb_c_read_zipf,YC,2f_top14,3,warm,3,3
block5,native_ycsb_c_read_zipf,YC,learned_markov_14,1,standalone,3,3
block5,native_ycsb_c_read_zipf,YC,learned_markov_14,1,warm,3,3
block5,native_ycsb_c_read_zipf,YC,learned_markov_14,2,standalone,3,3
block5,native_ycsb_c_read_zipf,YC,learned_markov_14,2,warm,3,3
block5,native_ycsb_c_read_zipf,YC,learned_markov_14,3,standalone,3,3
block5,native_ycsb_c_read_zipf,YC,learned_markov_14,3,warm,3,3
block6,native_ycsb_c_hot_hashed_01,YCh01,2e_K500,1,standalone,3,3
block6,native_ycsb_c_hot_hashed_01,YCh01,2e_K500,1,warm,3,3
block6,native_ycsb_c_hot_hashed_01,YCh01,2e_K500,2,standalone,3,3
block6,native_ycsb_c_hot_hashed_01,YCh01,2e_K500,2,warm,3,3
block6,native_ycsb_c_hot_hashed_01,YCh01,2e_K500,3,standalone,3,3
block6,native_ycsb_c_hot_hashed_01,YCh01,2e_K500,3,warm,3,3
block6,native_ycsb_c_hot_hashed_01,YCh01,2f_top14,1,standalone,3,3
block6,native_ycsb_c_hot_hashed_01,YCh01,2f_top14,1,warm,3,3
block6,native_ycsb_c_hot_hashed_01,YCh01,2f_top14,2,standalone,3,3
block6,native_ycsb_c_hot_hashed_01,YCh01,2f_top14,2,warm,3,3
block6,native_ycsb_c_hot_hashed_01,YCh01,2f_top14,3,standalone,3,3
block6,native_ycsb_c_hot_hashed_01,YCh01,2f_top14,3,warm,3,3
block6,native_ycsb_c_hot_hashed_01,YCh01,2f_top28,1,standalone,3,3
block6,native_ycsb_c_hot_hashed_01,YCh01,2f_top28,1,warm,3,3
block6,native_ycsb_c_hot_hashed_01,YCh01,2f_top28,2,standalone,3,3
block6,native_ycsb_c_hot_hashed_01,YCh01,2f_top28,2,warm,3,3
block6,native_ycsb_c_hot_hashed_01,YCh01,2f_top28,3,standalone,3,3
block6,native_ycsb_c_hot_hashed_01,YCh01,2f_top28,3,warm,3,3
block6,native_ycsb_c_hot_hashed_01,YCh01,learned_markov_14,1,standalone,3,3
block6,native_ycsb_c_hot_hashed_01,YCh01,learned_markov_14,1,warm,3,3
block6,native_ycsb_c_hot_hashed_01,YCh01,learned_markov_14,2,standalone,3,3
block6,native_ycsb_c_hot_hashed_01,YCh01,learned_markov_14,2,warm,3,3
block6,native_ycsb_c_hot_hashed_01,YCh01,learned_markov_14,3,standalone,3,3
block6,native_ycsb_c_hot_hashed_01,YCh01,learned_markov_14,3,warm,3,3
block6,native_ycsb_c_hot_hashed_01,YCh01,learned_markov_28,1,standalone,3,3
block6,native_ycsb_c_hot_hashed_01,YCh01,learned_markov_28,1,warm,3,3
block6,native_ycsb_c_hot_hashed_01,YCh01,learned_markov_28,2,standalone,3,3
block6,native_ycsb_c_hot_hashed_01,YCh01,learned_markov_28,2,warm,3,3
block6,native_ycsb_c_hot_hashed_01,YCh01,learned_markov_28,3,standalone,3,3
block6,native_ycsb_c_hot_hashed_01,YCh01,learned_markov_28,3,warm,3,3
block6,native_ycsb_c_read_uniform,YCu,2e_K500,1,standalone,3,3
block6,native_ycsb_c_read_uniform,YCu,2e_K500,1,warm,3,3
block6,native_ycsb_c_read_uniform,YCu,2e_K500,2,standalone,3,3
block6,native_ycsb_c_read_uniform,YCu,2e_K500,2,warm,3,3
block6,native_ycsb_c_read_uniform,YCu,2e_K500,3,standalone,3,3
block6,native_ycsb_c_read_uniform,YCu,2e_K500,3,warm,3,3
block6,native_ycsb_c_read_uniform,YCu,2f_top14,1,standalone,3,3
block6,native_ycsb_c_read_uniform,YCu,2f_top14,1,warm,3,3
block6,native_ycsb_c_read_uniform,YCu,2f_top14,2,standalone,3,3
block6,native_ycsb_c_read_uniform,YCu,2f_top14,2,warm,3,3
block6,native_ycsb_c_read_uniform,YCu,2f_top14,3,standalone,3,3
block6,native_ycsb_c_read_uniform,YCu,2f_top14,3,warm,3,3
block6,native_ycsb_c_read_uniform,YCu,2f_top28,1,standalone,3,3
block6,native_ycsb_c_read_uniform,YCu,2f_top28,1,warm,3,3
block6,native_ycsb_c_read_uniform,YCu,2f_top28,2,standalone,3,3
block6,native_ycsb_c_read_uniform,YCu,2f_top28,2,warm,3,3
block6,native_ycsb_c_read_uniform,YCu,2f_top28,3,standalone,3,3
block6,native_ycsb_c_read_uniform,YCu,2f_top28,3,warm,3,3
block6,native_ycsb_c_read_uniform,YCu,learned_markov_14,1,standalone,3,3
block6,native_ycsb_c_read_uniform,YCu,learned_markov_14,1,warm,3,3
block6,native_ycsb_c_read_uniform,YCu,learned_markov_14,2,standalone,3,3
block6,native_ycsb_c_read_uniform,YCu,learned_markov_14,2,warm,3,3
block6,native_ycsb_c_read_uniform,YCu,learned_markov_14,3,standalone,3,3
block6,native_ycsb_c_read_uniform,YCu,learned_markov_14,3,warm,3,3
block6,native_ycsb_c_read_uniform,YCu,learned_markov_28,1,standalone,3,3
block6,native_ycsb_c_read_uniform,YCu,learned_markov_28,1,warm,3,3
block6,native_ycsb_c_read_uniform,YCu,learned_markov_28,2,standalone,3,3
block6,native_ycsb_c_read_uniform,YCu,learned_markov_28,2,warm,3,3
block6,native_ycsb_c_read_uniform,YCu,learned_markov_28,3,standalone,3,3
block6,native_ycsb_c_read_uniform,YCu,learned_markov_28,3,warm,3,3
block7,read_tail_hit_20k,C_hit,2e_K500,1,standalone,3,3
block7,read_tail_hit_20k,C_hit,2e_K500,1,warm,3,3
block7,read_tail_hit_20k,C_hit,2e_K500,2,standalone,3,3
block7,read_tail_hit_20k,C_hit,2e_K500,2,warm,3,3
block7,read_tail_hit_20k,C_hit,2e_K500,3,standalone,3,3
block7,read_tail_hit_20k,C_hit,2e_K500,3,warm,3,3
block7,read_tail_hit_20k,C_hit,2f_top14,1,standalone,3,3
block7,read_tail_hit_20k,C_hit,2f_top14,1,warm,3,3
block7,read_tail_hit_20k,C_hit,2f_top14,2,standalone,3,3
block7,read_tail_hit_20k,C_hit,2f_top14,2,warm,3,3
block7,read_tail_hit_20k,C_hit,2f_top14,3,standalone,3,3
block7,read_tail_hit_20k,C_hit,2f_top14,3,warm,3,3
block7,read_tail_hit_20k,C_hit,2f_top28,1,standalone,3,3
block7,read_tail_hit_20k,C_hit,2f_top28,1,warm,3,3
block7,read_tail_hit_20k,C_hit,2f_top28,2,standalone,3,3
block7,read_tail_hit_20k,C_hit,2f_top28,2,warm,3,3
block7,read_tail_hit_20k,C_hit,2f_top28,3,standalone,3,3
block7,read_tail_hit_20k,C_hit,2f_top28,3,warm,3,3
block7,read_tail_hit_20k,C_hit,learned_markov_14,1,standalone,3,3
block7,read_tail_hit_20k,C_hit,learned_markov_14,1,warm,3,3
block7,read_tail_hit_20k,C_hit,learned_markov_14,2,standalone,3,3
block7,read_tail_hit_20k,C_hit,learned_markov_14,2,warm,3,3
block7,read_tail_hit_20k,C_hit,learned_markov_14,3,standalone,3,3
block7,read_tail_hit_20k,C_hit,learned_markov_14,3,warm,3,3
block7,read_tail_hit_20k,C_hit,learned_markov_28,1,standalone,3,3
block7,read_tail_hit_20k,C_hit,learned_markov_28,1,warm,3,3
block7,read_tail_hit_20k,C_hit,learned_markov_28,2,standalone,3,3
block7,read_tail_hit_20k,C_hit,learned_markov_28,2,warm,3,3
block7,read_tail_hit_20k,C_hit,learned_markov_28,3,standalone,3,3
block7,read_tail_hit_20k,C_hit,learned_markov_28,3,warm,3,3
block8,read_tail_mixed_20k,C,2e_K500,1,standalone,3,3
block8,read_tail_mixed_20k,C,2e_K500,1,warm,3,3
block8,read_tail_mixed_20k,C,2e_K500,2,standalone,3,3
block8,read_tail_mixed_20k,C,2e_K500,2,warm,3,3
block8,read_tail_mixed_20k,C,2e_K500,3,standalone,3,3
block8,read_tail_mixed_20k,C,2e_K500,3,warm,3,3
block8,read_tail_mixed_20k,C,2f_top14,1,standalone,3,3
block8,read_tail_mixed_20k,C,2f_top14,1,warm,3,3
block8,read_tail_mixed_20k,C,2f_top14,2,standalone,3,3
block8,read_tail_mixed_20k,C,2f_top14,2,warm,3,3
block8,read_tail_mixed_20k,C,2f_top14,3,standalone,3,3
block8,read_tail_mixed_20k,C,2f_top14,3,warm,3,3
block8,read_tail_mixed_20k,C,2f_top28,1,standalone,3,3
block8,read_tail_mixed_20k,C,2f_top28,1,warm,3,3
block8,read_tail_mixed_20k,C,2f_top28,2,standalone,3,3
block8,read_tail_mixed_20k,C,2f_top28,2,warm,3,3
block8,read_tail_mixed_20k,C,2f_top28,3,standalone,3,3
block8,read_tail_mixed_20k,C,2f_top28,3,warm,3,3
block8,read_tail_mixed_20k,C,learned_markov_28,1,standalone,3,3
block8,read_tail_mixed_20k,C,learned_markov_28,1,warm,3,3
block8,read_tail_mixed_20k,C,learned_markov_28,2,standalone,3,3
block8,read_tail_mixed_20k,C,learned_markov_28,2,warm,3,3
block8,read_tail_mixed_20k,C,learned_markov_28,3,standalone,3,3
block8,read_tail_mixed_20k,C,learned_markov_28,3,warm,3,3
block9,native_ycsb_c_hot_hashed_01,YCh01,layers_92,1,standalone,3,3
block9,native_ycsb_c_hot_hashed_01,YCh01,layers_92,1,warm,3,3
block9,native_ycsb_c_read_uniform,YCu,layers_92,1,standalone,3,3
block9,native_ycsb_c_read_uniform,YCu,layers_92,1,warm,3,3
block9,native_ycsb_c_read_zipf,YC,layers_92,1,standalone,3,3
block9,native_ycsb_c_read_zipf,YC,layers_92,1,warm,3,3
block9,read_tail_hit_20k,C_hit,layers_92,1,standalone,3,3
block9,read_tail_hit_20k,C_hit,layers_92,1,warm,3,3
