page_number,file_offset
1,0
2,4096
3,8192
4,12288
5,16384
6,20480
7,24576
8,28672
9,32768
10,36864
11,40960
12,45056
13,49152
14,53248
15,57344
16,61440
17,65536
18,69632
19,73728
20,77824
21,81920
22,86016
23,90112
24,94208
25,98304
26,102400
27,106496
28,110592
29,114688
30,118784
31,122880
32,126976
25443,104210432
25444,104214528
25445,104218624
25446,104222720
25447,104226816
25448,104230912
25449,104235008
25450,104239104
25451,104243200
25452,104247296
25453,104251392
25454,104255488
25455,104259584
25456,104263680
25457,104267776
25458,104271872
25459,104275968
25460,104280064
25461,104284160
25462,104288256
25463,104292352
25464,104296448
25465,104300544
25466,104304640
25467,104308736
25468,104312832
25469,104316928
25470,104321024
25471,104325120
25472,104329216
25473,104333312
25474,104337408
25475,104341504
25476,104345600
25477,104349696
25478,104353792
25479,104357888
25480,104361984
25481,104366080
25482,104370176
25483,104374272
25484,104378368
25485,104382464
25486,104386560
25487,104390656
25488,104394752
25489,104398848
25490,104402944
25491,104407040
25492,104411136
25493,104415232
25494,104419328
25495,104423424
25496,104427520
25497,104431616
25498,104435712
25499,104439808
25500,104443904
25501,104448000
25502,104452096
25503,104456192
25504,104460288
25505,104464384
25506,104468480
25507,104472576
25508,104476672
25509,104480768
25510,104484864
25511,104488960
25512,104493056
25513,104497152
25514,104501248
25515,104505344
25516,104509440
25517,104513536
25518,104517632
25519,104521728
25520,104525824
25521,104529920
25522,104534016
25523,104538112
25524,104542208
25525,104546304
25526,104550400
25527,104554496
25528,104558592
25529,104562688
25530,104566784
25531,104570880
25532,104574976
25533,104579072
25534,104583168
25535,104587264
25536,104591360
25537,104595456
25538,104599552
25539,104603648
25540,104607744
25541,104611840
25542,104615936
25543,104620032
25544,104624128
25545,104628224
25546,104632320
25547,104636416
25548,104640512
25549,104644608
25550,104648704
25551,104652800
25552,104656896
25553,104660992
25554,104665088
25555,104669184
25556,104673280
25557,104677376
25558,104681472
25559,104685568
25560,104689664
25561,104693760
25562,104697856
25563,104701952
25564,104706048
25565,104710144
25566,104714240
25567,104718336
25568,104722432
25569,104726528
25570,104730624
25571,104734720
25572,104738816
25573,104742912
25574,104747008
25575,104751104
25576,104755200
25577,104759296
25578,104763392
25579,104767488
25580,104771584
25581,104775680
25582,104779776
25583,104783872
25584,104787968
25585,104792064
25586,104796160
25587,104800256
25588,104804352
25589,104808448
25590,104812544
25591,104816640
25592,104820736
25593,104824832
25594,104828928
25595,104833024
25596,104837120
25597,104841216
25598,104845312
25599,104849408
25600,104853504
25601,104857600
25602,104861696
25603,104865792
25604,104869888
25605,104873984
25606,104878080
25607,104882176
25608,104886272
25609,104890368
25610,104894464
25611,104898560
25612,104902656
25613,104906752
25614,104910848
25615,104914944
25616,104919040
25617,104923136
25618,104927232
25619,104931328
25620,104935424
25621,104939520
25622,104943616
25623,104947712
25624,104951808
25625,104955904
25626,104960000
25627,104964096
25628,104968192
25629,104972288
25630,104976384
25631,104980480
25632,104984576
25633,104988672
25634,104992768
25635,104996864
25636,105000960
25637,105005056
25638,105009152
25639,105013248
25640,105017344
25641,105021440
25642,105025536
25643,105029632
25644,105033728
25645,105037824
25646,105041920
25647,105046016
25648,105050112
25649,105054208
25650,105058304
25651,105062400
25652,105066496
25653,105070592
25654,105074688
25655,105078784
25656,105082880
25657,105086976
25658,105091072
25659,105095168
25660,105099264
25661,105103360
25662,105107456
25663,105111552
25664,105115648
25665,105119744
25666,105123840
25667,105127936
25668,105132032
25669,105136128
25670,105140224
25671,105144320
25672,105148416
25673,105152512
25674,105156608
25675,105160704
25676,105164800
25677,105168896
25678,105172992
25679,105177088
25680,105181184
25681,105185280
25682,105189376
25683,105193472
25684,105197568
25685,105201664
25686,105205760
25687,105209856
25688,105213952
25689,105218048
25690,105222144
25691,105226240
25692,105230336
25693,105234432
25694,105238528
25695,105242624
25696,105246720
25697,105250816
25698,105254912
25699,105259008
25700,105263104
25701,105267200
25702,105271296
25703,105275392
25704,105279488
25705,105283584
25706,105287680
25707,105291776
25708,105295872
25709,105299968
25710,105304064
25711,105308160
25712,105312256
25713,105316352
25714,105320448
25715,105324544
25716,105328640
25717,105332736
25718,105336832
25719,105340928
25720,105345024
25721,105349120
25722,105353216
25723,105357312
25724,105361408
25725,105365504
25726,105369600
25727,105373696
25728,105377792
25729,105381888
25730,105385984
25731,105390080
25732,105394176
25733,105398272
25734,105402368
25735,105406464
25736,105410560
25737,105414656
25738,105418752
25739,105422848
25740,105426944
25741,105431040
25742,105435136
25743,105439232
25744,105443328
25745,105447424
25746,105451520
25747,105455616
25748,105459712
25749,105463808
25750,105467904
25751,105472000
25752,105476096
25753,105480192
25754,105484288
25755,105488384
25756,105492480
25757,105496576
25758,105500672
25759,105504768
25760,105508864
25761,105512960
25762,105517056
25763,105521152
25764,105525248
25765,105529344
25766,105533440
25767,105537536
25768,105541632
25769,105545728
25770,105549824
25771,105553920
25772,105558016
25773,105562112
25774,105566208
25775,105570304
25776,105574400
25777,105578496
25778,105582592
25779,105586688
25780,105590784
25781,105594880
25782,105598976
25783,105603072
25784,105607168
25785,105611264
25786,105615360
25787,105619456
25788,105623552
25789,105627648
25790,105631744
25791,105635840
25792,105639936
25793,105644032
25794,105648128
25795,105652224
25796,105656320
25797,105660416
25798,105664512
25799,105668608
25800,105672704
25801,105676800
25802,105680896
25803,105684992
25804,105689088
25805,105693184
25806,105697280
25807,105701376
25808,105705472
25809,105709568
25810,105713664
25811,105717760
25812,105721856
25813,105725952
25814,105730048
25815,105734144
25816,105738240
25817,105742336
25818,105746432
25819,105750528
25820,105754624
25821,105758720
25822,105762816
25823,105766912
25824,105771008
25825,105775104
25826,105779200
25827,105783296
25828,105787392
25829,105791488
25830,105795584
25831,105799680
25832,105803776
25833,105807872
25834,105811968
25835,105816064
25836,105820160
25837,105824256
25838,105828352
25839,105832448
25840,105836544
25841,105840640
25842,105844736
25843,105848832
25844,105852928
25845,105857024
25846,105861120
25847,105865216
25848,105869312
25849,105873408
25850,105877504
25851,105881600
25852,105885696
25853,105889792
25854,105893888
25855,105897984
25856,105902080
25857,105906176
25858,105910272
25859,105914368
25860,105918464
25861,105922560
25862,105926656
25863,105930752
25864,105934848
25865,105938944
25866,105943040
25867,105947136
25868,105951232
25869,105955328
25870,105959424
25871,105963520
25872,105967616
25873,105971712
25874,105975808
25875,105979904
25876,105984000
25877,105988096
25878,105992192
25879,105996288
25880,106000384
25881,106004480
25882,106008576
25883,106012672
25884,106016768
25885,106020864
25886,106024960
25887,106029056
25888,106033152
25889,106037248
25890,106041344
25891,106045440
25892,106049536
25893,106053632
25894,106057728
25895,106061824
25896,106065920
25897,106070016
25898,106074112
25899,106078208
25900,106082304
25901,106086400
25902,106090496
25903,106094592
25904,106098688
25905,106102784
25906,106106880
25907,106110976
25908,106115072
25909,106119168
25910,106123264
25911,106127360
25912,106131456
25913,106135552
25914,106139648
25915,106143744
25916,106147840
25917,106151936
25918,106156032
25919,106160128
25920,106164224
25921,106168320
25922,106172416
25923,106176512
25924,106180608
25925,106184704
25926,106188800
25927,106192896
25928,106196992
25929,106201088
25930,106205184
25931,106209280
25932,106213376
25933,106217472
25934,106221568
25935,106225664
25936,106229760
25937,106233856
25938,106237952
25939,106242048
25940,106246144
25941,106250240
25942,106254336
25943,106258432
25944,106262528
25945,106266624
25946,106270720
25947,106274816
25948,106278912
25949,106283008
25950,106287104
25951,106291200
25952,106295296
25953,106299392
25954,106303488
25955,106307584
25956,106311680
25957,106315776
25958,106319872
25959,106323968
25960,106328064
25961,106332160
25962,106336256
25963,106340352
25964,106344448
25965,106348544
25966,106352640
25967,106356736
25968,106360832
25969,106364928
25970,106369024
25971,106373120
25972,106377216
25973,106381312
25974,106385408
25975,106389504
25976,106393600
25977,106397696
25978,106401792
25979,106405888
25980,106409984
25981,106414080
25982,106418176
25983,106422272
25984,106426368
25985,106430464
25986,106434560
25987,106438656
25988,106442752
25989,106446848
25990,106450944
25991,106455040
25992,106459136
25993,106463232
25994,106467328
25995,106471424
25996,106475520
25997,106479616
25998,106483712
25999,106487808
26000,106491904
26001,106496000
26002,106500096
26003,106504192
26004,106508288
26005,106512384
26006,106516480
26007,106520576
26008,106524672
26009,106528768
26010,106532864
26011,106536960
26012,106541056
26013,106545152
26014,106549248
26015,106553344
26016,106557440
26017,106561536
26018,106565632
26019,106569728
26020,106573824
26021,106577920
26022,106582016
26023,106586112
26024,106590208
26025,106594304
26026,106598400
26027,106602496
26028,106606592
26029,106610688
26030,106614784
26031,106618880
26032,106622976
26033,106627072
26034,106631168
26035,106635264
26036,106639360
26037,106643456
26038,106647552
26039,106651648
26040,106655744
26041,106659840
26042,106663936
26043,106668032
26044,106672128
26045,106676224
26046,106680320
26047,106684416
26048,106688512
26049,106692608
26050,106696704
26051,106700800
26052,106704896
26053,106708992
26054,106713088
26055,106717184
26056,106721280
26057,106725376
26058,106729472
26059,106733568
26060,106737664
26061,106741760
26062,106745856
26063,106749952
26064,106754048
26065,106758144
26066,106762240
26067,106766336
26068,106770432
26069,106774528
26070,106778624
26071,106782720
26072,106786816
26073,106790912
26074,106795008
26075,106799104
26076,106803200
26077,106807296
26078,106811392
26079,106815488
26080,106819584
26081,106823680
26082,106827776
26083,106831872
26084,106835968
26085,106840064
26086,106844160
26087,106848256
26088,106852352
26089,106856448
26090,106860544
26091,106864640
26092,106868736
26093,106872832
26094,106876928
26095,106881024
26096,106885120
26097,106889216
26098,106893312
26099,106897408
26100,106901504
26101,106905600
26102,106909696
26103,106913792
26104,106917888
26105,106921984
26106,106926080
26107,106930176
26108,106934272
26109,106938368
26110,106942464
26111,106946560
26112,106950656
26113,106954752
26114,106958848
26115,106962944
26116,106967040
26117,106971136
26118,106975232
26119,106979328
26120,106983424
26121,106987520
26122,106991616
26123,106995712
26124,106999808
26125,107003904
26126,107008000
26127,107012096
26128,107016192
26129,107020288
26130,107024384
26131,107028480
26132,107032576
26133,107036672
26134,107040768
26135,107044864
26136,107048960
26137,107053056
26138,107057152
26139,107061248
26140,107065344
26141,107069440
26142,107073536
26143,107077632
26144,107081728
26145,107085824
26146,107089920
26147,107094016
26148,107098112
26149,107102208
26150,107106304
26151,107110400
26152,107114496
26153,107118592
26154,107122688
26155,107126784
26156,107130880
26157,107134976
26158,107139072
26159,107143168
26160,107147264
26161,107151360
26162,107155456
26163,107159552
26164,107163648
26165,107167744
26166,107171840
26167,107175936
26168,107180032
26169,107184128
26170,107188224
26171,107192320
26172,107196416
26173,107200512
26174,107204608
26175,107208704
26176,107212800
26177,107216896
26178,107220992
26179,107225088
26180,107229184
26181,107233280
26182,107237376
26183,107241472
26184,107245568
26185,107249664
26186,107253760
26187,107257856
26188,107261952
26189,107266048
26190,107270144
26191,107274240
26192,107278336
26193,107282432
26194,107286528
26195,107290624
26196,107294720
26197,107298816
26198,107302912
26199,107307008
26200,107311104
26201,107315200
26202,107319296
26203,107323392
26204,107327488
26205,107331584
26206,107335680
26207,107339776
26208,107343872
26209,107347968
26210,107352064
26211,107356160
26212,107360256
26213,107364352
26214,107368448
26215,107372544
26216,107376640
26217,107380736
26218,107384832
26219,107388928
26220,107393024
26221,107397120
26222,107401216
26223,107405312
26224,107409408
26225,107413504
26226,107417600
26227,107421696
26228,107425792
26229,107429888
26230,107433984
26231,107438080
26232,107442176
26233,107446272
26234,107450368
26235,107454464
26236,107458560
26237,107462656
26238,107466752
26239,107470848
26240,107474944
26241,107479040
26242,107483136
26243,107487232
26244,107491328
26245,107495424
26246,107499520
26247,107503616
26248,107507712
26249,107511808
26250,107515904
26251,107520000
26252,107524096
26253,107528192
26254,107532288
26255,107536384
26256,107540480
26257,107544576
26258,107548672
26259,107552768
26260,107556864
26261,107560960
26262,107565056
26263,107569152
26264,107573248
26265,107577344
26266,107581440
26267,107585536
26268,107589632
26269,107593728
26270,107597824
26271,107601920
26272,107606016
26273,107610112
26274,107614208
26275,107618304
26276,107622400
26277,107626496
26278,107630592
26279,107634688
26280,107638784
26281,107642880
26282,107646976
26283,107651072
26284,107655168
26285,107659264
26286,107663360
26287,107667456
26288,107671552
26289,107675648
26290,107679744
26291,107683840
26292,107687936
26293,107692032
26294,107696128
26295,107700224
26296,107704320
26297,107708416
26298,107712512
26299,107716608
26300,107720704
26301,107724800
26302,107728896
26303,107732992
26304,107737088
26305,107741184
26306,107745280
26307,107749376
26308,107753472
26309,107757568
26310,107761664
26311,107765760
26312,107769856
26313,107773952
26314,107778048
26315,107782144
26316,107786240
26317,107790336
26318,107794432
26319,107798528
26320,107802624
26321,107806720
26322,107810816
26323,107814912
26324,107819008
26325,107823104
26326,107827200
26327,107831296
26328,107835392
26329,107839488
26330,107843584
26331,107847680
