campaign,pair_id,block_id,workload,seed,handle_mode,first_operation_id,repetition_id,paired_target_strategy,first_strategy,second_strategy,baseline_schedule_position,target_schedule_position,baseline_request_id,target_request_id,same_warm_session,same_run_config,same_manifest,same_image,baseline_first_query_us,target_first_query_us,baseline_open_us,target_open_us,baseline_deliver_us,target_deliver_us
portability,native_ycsb_c_read_uniform-s1-f0-warm-r0-2e_K10,block1,native_ycsb_c_read_uniform,1,warm,0,0,2e_K10,baseline,2e_K10,1,2,native_ycsb_c_read_uniform-s1-f0-warm-r0-2e_K10:baseline,native_ycsb_c_read_uniform-s1-f0-warm-r0-2e_K10:2e_K10,true,true,true,true,397.461,310.69,0.0,0.0,0.14,517.365
portability,native_ycsb_c_read_uniform-s1-f0-warm-r0-2f_slru,block1,native_ycsb_c_read_uniform,1,warm,0,0,2f_slru,2f_slru,baseline,4,3,native_ycsb_c_read_uniform-s1-f0-warm-r0-2f_slru:baseline,native_ycsb_c_read_uniform-s1-f0-warm-r0-2f_slru:2f_slru,true,true,true,true,404.825,35.075,0.0,0.0,0.14,102198.025
portability,native_ycsb_c_read_uniform-s1-f0-warm-r1-2e_K10,block1,native_ycsb_c_read_uniform,1,warm,0,1,2e_K10,2e_K10,baseline,6,5,native_ycsb_c_read_uniform-s1-f0-warm-r1-2e_K10:baseline,native_ycsb_c_read_uniform-s1-f0-warm-r1-2e_K10:2e_K10,true,true,true,true,381.111,156.392,0.0,0.0,0.141,476.689
portability,native_ycsb_c_read_uniform-s1-f0-warm-r1-2f_slru,block1,native_ycsb_c_read_uniform,1,warm,0,1,2f_slru,2f_slru,baseline,8,7,native_ycsb_c_read_uniform-s1-f0-warm-r1-2f_slru:baseline,native_ycsb_c_read_uniform-s1-f0-warm-r1-2f_slru:2f_slru,true,true,true,true,423.801,40.035,0.0,0.0,0.14,101942.185
portability,native_ycsb_c_read_uniform-s1-f0-warm-r2-2e_K10,block1,native_ycsb_c_read_uniform,1,warm,0,2,2e_K10,baseline,2e_K10,9,10,native_ycsb_c_read_uniform-s1-f0-warm-r2-2e_K10:baseline,native_ycsb_c_read_uniform-s1-f0-warm-r2-2e_K10:2e_K10,true,true,true,true,3189.7,312.373,0.0,0.0,0.13,526.212
portability,native_ycsb_c_read_uniform-s1-f0-warm-r2-2f_slru,block1,native_ycsb_c_read_uniform,1,warm,0,2,2f_slru,baseline,2f_slru,11,12,native_ycsb_c_read_uniform-s1-f0-warm-r2-2f_slru:baseline,native_ycsb_c_read_uniform-s1-f0-warm-r2-2f_slru:2f_slru,true,true,true,true,3379.314,47.499,0.0,0.0,0.13,103260.523
portability,native_ycsb_c_read_uniform-s1-f0-standalone-r0-2e_K10,block1,native_ycsb_c_read_uniform,1,standalone,0,0,2e_K10,2e_K10,baseline,14,13,native_ycsb_c_read_uniform-s1-f0-standalone-r0-2e_K10:baseline,native_ycsb_c_read_uniform-s1-f0-standalone-r0-2e_K10:2e_K10,true,true,true,true,285.362,78.206,409.364,2246.881,0.13,431.254
portability,native_ycsb_c_read_uniform-s1-f0-standalone-r0-2f_slru,block1,native_ycsb_c_read_uniform,1,standalone,0,0,2f_slru,baseline,2f_slru,15,16,native_ycsb_c_read_uniform-s1-f0-standalone-r0-2f_slru:baseline,native_ycsb_c_read_uniform-s1-f0-standalone-r0-2f_slru:2f_slru,true,true,true,true,304.699,13.596,3373.413,181.248,0.17,103052.634
portability,native_ycsb_c_read_uniform-s1-f0-standalone-r1-2e_K10,block1,native_ycsb_c_read_uniform,1,standalone,0,1,2e_K10,2e_K10,baseline,18,17,native_ycsb_c_read_uniform-s1-f0-standalone-r1-2e_K10:baseline,native_ycsb_c_read_uniform-s1-f0-standalone-r1-2e_K10:2e_K10,true,true,true,true,288.749,78.807,401.609,2186.799,0.14,431.485
portability,native_ycsb_c_read_uniform-s1-f0-standalone-r1-2f_slru,block1,native_ycsb_c_read_uniform,1,standalone,0,1,2f_slru,baseline,2f_slru,19,20,native_ycsb_c_read_uniform-s1-f0-standalone-r1-2f_slru:baseline,native_ycsb_c_read_uniform-s1-f0-standalone-r1-2f_slru:2f_slru,true,true,true,true,289.62,14.638,3319.723,173.644,0.14,102406.918
portability,native_ycsb_c_read_uniform-s1-f0-standalone-r2-2e_K10,block1,native_ycsb_c_read_uniform,1,standalone,0,2,2e_K10,baseline,2e_K10,21,22,native_ycsb_c_read_uniform-s1-f0-standalone-r2-2e_K10:baseline,native_ycsb_c_read_uniform-s1-f0-standalone-r2-2e_K10:2e_K10,true,true,true,true,150.931,234.768,3301.188,398.464,0.131,533.936
portability,native_ycsb_c_read_uniform-s1-f0-standalone-r2-2f_slru,block1,native_ycsb_c_read_uniform,1,standalone,0,2,2f_slru,baseline,2f_slru,23,24,native_ycsb_c_read_uniform-s1-f0-standalone-r2-2f_slru:baseline,native_ycsb_c_read_uniform-s1-f0-standalone-r2-2f_slru:2f_slru,true,true,true,true,138.308,13.987,3177.006,178.914,0.13,102659.729
portability,native_ycsb_c_read_uniform-s2-f0-warm-r0-2e_K10,block1,native_ycsb_c_read_uniform,2,warm,0,0,2e_K10,baseline,2e_K10,25,26,native_ycsb_c_read_uniform-s2-f0-warm-r0-2e_K10:baseline,native_ycsb_c_read_uniform-s2-f0-warm-r0-2e_K10:2e_K10,true,true,true,true,3233.041,326.719,0.0,0.0,0.14,531.392
portability,native_ycsb_c_read_uniform-s2-f0-warm-r0-2f_slru,block1,native_ycsb_c_read_uniform,2,warm,0,0,2f_slru,2f_slru,baseline,28,27,native_ycsb_c_read_uniform-s2-f0-warm-r0-2f_slru:baseline,native_ycsb_c_read_uniform-s2-f0-warm-r0-2f_slru:2f_slru,true,true,true,true,387.963,36.568,0.0,0.0,0.13,101310.441
portability,native_ycsb_c_read_uniform-s2-f0-warm-r1-2e_K10,block1,native_ycsb_c_read_uniform,2,warm,0,1,2e_K10,baseline,2e_K10,29,30,native_ycsb_c_read_uniform-s2-f0-warm-r1-2e_K10:baseline,native_ycsb_c_read_uniform-s2-f0-warm-r1-2e_K10:2e_K10,true,true,true,true,1582.412,319.626,0.0,0.0,0.13,513.258
portability,native_ycsb_c_read_uniform-s2-f0-warm-r1-2f_slru,block1,native_ycsb_c_read_uniform,2,warm,0,1,2f_slru,baseline,2f_slru,31,32,native_ycsb_c_read_uniform-s2-f0-warm-r1-2f_slru:baseline,native_ycsb_c_read_uniform-s2-f0-warm-r1-2f_slru:2f_slru,true,true,true,true,3253.88,42.449,0.0,0.0,0.14,101665.311
portability,native_ycsb_c_read_uniform-s2-f0-warm-r2-2e_K10,block1,native_ycsb_c_read_uniform,2,warm,0,2,2e_K10,2e_K10,baseline,34,33,native_ycsb_c_read_uniform-s2-f0-warm-r2-2e_K10:baseline,native_ycsb_c_read_uniform-s2-f0-warm-r2-2e_K10:2e_K10,true,true,true,true,380.039,2116.067,0.0,0.0,0.14,435.592
portability,native_ycsb_c_read_uniform-s2-f0-warm-r2-2f_slru,block1,native_ycsb_c_read_uniform,2,warm,0,2,2f_slru,2f_slru,baseline,36,35,native_ycsb_c_read_uniform-s2-f0-warm-r2-2f_slru:baseline,native_ycsb_c_read_uniform-s2-f0-warm-r2-2f_slru:2f_slru,true,true,true,true,398.744,37.33,0.0,0.0,0.18,101887.263
portability,native_ycsb_c_read_uniform-s2-f0-standalone-r0-2e_K10,block1,native_ycsb_c_read_uniform,2,standalone,0,0,2e_K10,2e_K10,baseline,38,37,native_ycsb_c_read_uniform-s2-f0-standalone-r0-2e_K10:baseline,native_ycsb_c_read_uniform-s2-f0-standalone-r0-2e_K10:2e_K10,true,true,true,true,282.196,76.603,381.742,2221.765,0.14,438.949
portability,native_ycsb_c_read_uniform-s2-f0-standalone-r0-2f_slru,block1,native_ycsb_c_read_uniform,2,standalone,0,0,2f_slru,baseline,2f_slru,39,40,native_ycsb_c_read_uniform-s2-f0-standalone-r0-2f_slru:baseline,native_ycsb_c_read_uniform-s2-f0-standalone-r0-2f_slru:2f_slru,true,true,true,true,309.066,14.728,3382.269,183.633,0.19,107814.168
portability,native_ycsb_c_read_uniform-s2-f0-standalone-r1-2e_K10,block1,native_ycsb_c_read_uniform,2,standalone,0,1,2e_K10,2e_K10,baseline,42,41,native_ycsb_c_read_uniform-s2-f0-standalone-r1-2e_K10:baseline,native_ycsb_c_read_uniform-s2-f0-standalone-r1-2e_K10:2e_K10,true,true,true,true,287.737,75.06,385.089,2277.848,0.221,429.291
portability,native_ycsb_c_read_uniform-s2-f0-standalone-r1-2f_slru,block1,native_ycsb_c_read_uniform,2,standalone,0,1,2f_slru,baseline,2f_slru,43,44,native_ycsb_c_read_uniform-s2-f0-standalone-r1-2f_slru:baseline,native_ycsb_c_read_uniform-s2-f0-standalone-r1-2f_slru:2f_slru,true,true,true,true,308.926,13.605,3422.174,178.764,0.14,102516.675
portability,native_ycsb_c_read_uniform-s2-f0-standalone-r2-2e_K10,block1,native_ycsb_c_read_uniform,2,standalone,0,2,2e_K10,baseline,2e_K10,45,46,native_ycsb_c_read_uniform-s2-f0-standalone-r2-2e_K10:baseline,native_ycsb_c_read_uniform-s2-f0-standalone-r2-2e_K10:2e_K10,true,true,true,true,279.852,245.047,3353.976,404.806,0.13,520.14
portability,native_ycsb_c_read_uniform-s2-f0-standalone-r2-2f_slru,block1,native_ycsb_c_read_uniform,2,standalone,0,2,2f_slru,baseline,2f_slru,47,48,native_ycsb_c_read_uniform-s2-f0-standalone-r2-2f_slru:baseline,native_ycsb_c_read_uniform-s2-f0-standalone-r2-2f_slru:2f_slru,true,true,true,true,285.833,14.146,3457.138,180.236,0.13,103262.304
portability,native_ycsb_c_read_uniform-s3-f0-warm-r0-2e_K10,block1,native_ycsb_c_read_uniform,3,warm,0,0,2e_K10,2e_K10,baseline,50,49,native_ycsb_c_read_uniform-s3-f0-warm-r0-2e_K10:baseline,native_ycsb_c_read_uniform-s3-f0-warm-r0-2e_K10:2e_K10,true,true,true,true,387.182,2042.97,0.0,0.0,0.13,423.74
portability,native_ycsb_c_read_uniform-s3-f0-warm-r0-2f_slru,block1,native_ycsb_c_read_uniform,3,warm,0,0,2f_slru,baseline,2f_slru,51,52,native_ycsb_c_read_uniform-s3-f0-warm-r0-2f_slru:baseline,native_ycsb_c_read_uniform-s3-f0-warm-r0-2f_slru:2f_slru,true,true,true,true,3059.167,42.74,0.0,0.0,0.141,102740.68
portability,native_ycsb_c_read_uniform-s3-f0-warm-r1-2e_K10,block1,native_ycsb_c_read_uniform,3,warm,0,1,2e_K10,baseline,2e_K10,53,54,native_ycsb_c_read_uniform-s3-f0-warm-r1-2e_K10:baseline,native_ycsb_c_read_uniform-s3-f0-warm-r1-2e_K10:2e_K10,true,true,true,true,3339.009,328.122,0.0,0.0,0.12,650.654
portability,native_ycsb_c_read_uniform-s3-f0-warm-r1-2f_slru,block1,native_ycsb_c_read_uniform,3,warm,0,1,2f_slru,baseline,2f_slru,55,56,native_ycsb_c_read_uniform-s3-f0-warm-r1-2f_slru:baseline,native_ycsb_c_read_uniform-s3-f0-warm-r1-2f_slru:2f_slru,true,true,true,true,3300.527,39.905,0.0,0.0,0.13,102472.358
portability,native_ycsb_c_read_uniform-s3-f0-warm-r2-2e_K10,block1,native_ycsb_c_read_uniform,3,warm,0,2,2e_K10,baseline,2e_K10,57,58,native_ycsb_c_read_uniform-s3-f0-warm-r2-2e_K10:baseline,native_ycsb_c_read_uniform-s3-f0-warm-r2-2e_K10:2e_K10,true,true,true,true,3382.399,327.12,0.0,0.0,0.13,506.665
portability,native_ycsb_c_read_uniform-s3-f0-warm-r2-2f_slru,block1,native_ycsb_c_read_uniform,3,warm,0,2,2f_slru,baseline,2f_slru,59,60,native_ycsb_c_read_uniform-s3-f0-warm-r2-2f_slru:baseline,native_ycsb_c_read_uniform-s3-f0-warm-r2-2f_slru:2f_slru,true,true,true,true,401.549,37.119,0.0,0.0,0.13,103187.431
portability,native_ycsb_c_read_uniform-s3-f0-standalone-r0-2e_K10,block1,native_ycsb_c_read_uniform,3,standalone,0,0,2e_K10,baseline,2e_K10,61,62,native_ycsb_c_read_uniform-s3-f0-standalone-r0-2e_K10:baseline,native_ycsb_c_read_uniform-s3-f0-standalone-r0-2e_K10:2e_K10,true,true,true,true,294.96,85.77,3402.336,238.285,0.151,523.897
portability,native_ycsb_c_read_uniform-s3-f0-standalone-r0-2f_slru,block1,native_ycsb_c_read_uniform,3,standalone,0,0,2f_slru,baseline,2f_slru,63,64,native_ycsb_c_read_uniform-s3-f0-standalone-r0-2f_slru:baseline,native_ycsb_c_read_uniform-s3-f0-standalone-r0-2f_slru:2f_slru,true,true,true,true,131.866,13.015,3166.586,179.916,0.13,102725.297
portability,native_ycsb_c_read_uniform-s3-f0-standalone-r1-2e_K10,block1,native_ycsb_c_read_uniform,3,standalone,0,1,2e_K10,baseline,2e_K10,65,66,native_ycsb_c_read_uniform-s3-f0-standalone-r1-2e_K10:baseline,native_ycsb_c_read_uniform-s3-f0-standalone-r1-2e_K10:2e_K10,true,true,true,true,133.699,239.557,3178.248,404.796,0.14,518.056
portability,native_ycsb_c_read_uniform-s3-f0-standalone-r1-2f_slru,block1,native_ycsb_c_read_uniform,3,standalone,0,1,2f_slru,2f_slru,baseline,68,67,native_ycsb_c_read_uniform-s3-f0-standalone-r1-2f_slru:baseline,native_ycsb_c_read_uniform-s3-f0-standalone-r1-2f_slru:2f_slru,true,true,true,true,271.426,13.726,431.054,178.362,0.151,102255.019
portability,native_ycsb_c_read_uniform-s3-f0-standalone-r2-2e_K10,block1,native_ycsb_c_read_uniform,3,standalone,0,2,2e_K10,2e_K10,baseline,70,69,native_ycsb_c_read_uniform-s3-f0-standalone-r2-2e_K10:baseline,native_ycsb_c_read_uniform-s3-f0-standalone-r2-2e_K10:2e_K10,true,true,true,true,281.435,243.454,412.029,2397.202,0.141,433.288
portability,native_ycsb_c_read_uniform-s3-f0-standalone-r2-2f_slru,block1,native_ycsb_c_read_uniform,3,standalone,0,2,2f_slru,baseline,2f_slru,71,72,native_ycsb_c_read_uniform-s3-f0-standalone-r2-2f_slru:baseline,native_ycsb_c_read_uniform-s3-f0-standalone-r2-2f_slru:2f_slru,true,true,true,true,294.539,13.725,3419.117,175.728,0.14,103651.943
portability,native_ycsb_c_hot_hashed_01-s1-f0-warm-r0-2e_K10,block1,native_ycsb_c_hot_hashed_01,1,warm,0,0,2e_K10,baseline,2e_K10,73,74,native_ycsb_c_hot_hashed_01-s1-f0-warm-r0-2e_K10:baseline,native_ycsb_c_hot_hashed_01-s1-f0-warm-r0-2e_K10:2e_K10,true,true,true,true,3406.604,323.504,0.0,0.0,0.13,530.309
portability,native_ycsb_c_hot_hashed_01-s1-f0-warm-r0-2f_slru,block1,native_ycsb_c_hot_hashed_01,1,warm,0,0,2f_slru,2f_slru,baseline,76,75,native_ycsb_c_hot_hashed_01-s1-f0-warm-r0-2f_slru:baseline,native_ycsb_c_hot_hashed_01-s1-f0-warm-r0-2f_slru:2f_slru,true,true,true,true,403.452,38.332,0.0,0.0,0.141,104130.685
portability,native_ycsb_c_hot_hashed_01-s1-f0-warm-r1-2e_K10,block1,native_ycsb_c_hot_hashed_01,1,warm,0,1,2e_K10,2e_K10,baseline,78,77,native_ycsb_c_hot_hashed_01-s1-f0-warm-r1-2e_K10:baseline,native_ycsb_c_hot_hashed_01-s1-f0-warm-r1-2e_K10:2e_K10,true,true,true,true,227.074,2363.608,0.0,0.0,0.12,423.56
portability,native_ycsb_c_hot_hashed_01-s1-f0-warm-r1-2f_slru,block1,native_ycsb_c_hot_hashed_01,1,warm,0,1,2f_slru,2f_slru,baseline,80,79,native_ycsb_c_hot_hashed_01-s1-f0-warm-r1-2f_slru:baseline,native_ycsb_c_hot_hashed_01-s1-f0-warm-r1-2f_slru:2f_slru,true,true,true,true,242.732,37.019,0.0,0.0,0.151,104141.233
portability,native_ycsb_c_hot_hashed_01-s1-f0-warm-r2-2e_K10,block1,native_ycsb_c_hot_hashed_01,1,warm,0,2,2e_K10,baseline,2e_K10,81,82,native_ycsb_c_hot_hashed_01-s1-f0-warm-r2-2e_K10:baseline,native_ycsb_c_hot_hashed_01-s1-f0-warm-r2-2e_K10:2e_K10,true,true,true,true,390.217,321.96,0.0,0.0,0.13,516.433
portability,native_ycsb_c_hot_hashed_01-s1-f0-warm-r2-2f_slru,block1,native_ycsb_c_hot_hashed_01,1,warm,0,2,2f_slru,2f_slru,baseline,84,83,native_ycsb_c_hot_hashed_01-s1-f0-warm-r2-2f_slru:baseline,native_ycsb_c_hot_hashed_01-s1-f0-warm-r2-2f_slru:2f_slru,true,true,true,true,243.454,35.215,0.0,0.0,0.14,102976.199
portability,native_ycsb_c_hot_hashed_01-s1-f0-standalone-r0-2e_K10,block1,native_ycsb_c_hot_hashed_01,1,standalone,0,0,2e_K10,2e_K10,baseline,86,85,native_ycsb_c_hot_hashed_01-s1-f0-standalone-r0-2e_K10:baseline,native_ycsb_c_hot_hashed_01-s1-f0-standalone-r0-2e_K10:2e_K10,true,true,true,true,287.526,69.88,407.379,2433.95,0.141,423.821
portability,native_ycsb_c_hot_hashed_01-s1-f0-standalone-r0-2f_slru,block1,native_ycsb_c_hot_hashed_01,1,standalone,0,0,2f_slru,baseline,2f_slru,87,88,native_ycsb_c_hot_hashed_01-s1-f0-standalone-r0-2f_slru:baseline,native_ycsb_c_hot_hashed_01-s1-f0-standalone-r0-2f_slru:2f_slru,true,true,true,true,303.657,23.715,3403.278,173.304,0.121,104318.01
portability,native_ycsb_c_hot_hashed_01-s1-f0-standalone-r1-2e_K10,block1,native_ycsb_c_hot_hashed_01,1,standalone,0,1,2e_K10,baseline,2e_K10,89,90,native_ycsb_c_hot_hashed_01-s1-f0-standalone-r1-2e_K10:baseline,native_ycsb_c_hot_hashed_01-s1-f0-standalone-r1-2e_K10:2e_K10,true,true,true,true,146.924,279.532,3219.205,621.599,0.131,462.112
portability,native_ycsb_c_hot_hashed_01-s1-f0-standalone-r1-2f_slru,block1,native_ycsb_c_hot_hashed_01,1,standalone,0,1,2f_slru,2f_slru,baseline,92,91,native_ycsb_c_hot_hashed_01-s1-f0-standalone-r1-2f_slru:baseline,native_ycsb_c_hot_hashed_01-s1-f0-standalone-r1-2f_slru:2f_slru,true,true,true,true,288.909,13.625,424.211,181.388,0.14,103433.329
portability,native_ycsb_c_hot_hashed_01-s1-f0-standalone-r2-2e_K10,block1,native_ycsb_c_hot_hashed_01,1,standalone,0,2,2e_K10,baseline,2e_K10,93,94,native_ycsb_c_hot_hashed_01-s1-f0-standalone-r2-2e_K10:baseline,native_ycsb_c_hot_hashed_01-s1-f0-standalone-r2-2e_K10:2e_K10,true,true,true,true,301.983,246.58,3365.487,401.388,0.14,525.089
portability,native_ycsb_c_hot_hashed_01-s1-f0-standalone-r2-2f_slru,block1,native_ycsb_c_hot_hashed_01,1,standalone,0,2,2f_slru,2f_slru,baseline,96,95,native_ycsb_c_hot_hashed_01-s1-f0-standalone-r2-2f_slru:baseline,native_ycsb_c_hot_hashed_01-s1-f0-standalone-r2-2f_slru:2f_slru,true,true,true,true,282.857,13.135,428.63,179.104,0.131,103352.026
portability,native_ycsb_c_hot_hashed_01-s2-f0-warm-r0-2e_K10,block1,native_ycsb_c_hot_hashed_01,2,warm,0,0,2e_K10,baseline,2e_K10,97,98,native_ycsb_c_hot_hashed_01-s2-f0-warm-r0-2e_K10:baseline,native_ycsb_c_hot_hashed_01-s2-f0-warm-r0-2e_K10:2e_K10,true,true,true,true,3330.441,322.752,0.0,0.0,0.141,522.625
portability,native_ycsb_c_hot_hashed_01-s2-f0-warm-r0-2f_slru,block1,native_ycsb_c_hot_hashed_01,2,warm,0,0,2f_slru,2f_slru,baseline,100,99,native_ycsb_c_hot_hashed_01-s2-f0-warm-r0-2f_slru:baseline,native_ycsb_c_hot_hashed_01-s2-f0-warm-r0-2f_slru:2f_slru,true,true,true,true,401.679,30.367,0.0,0.0,0.14,103336.707
portability,native_ycsb_c_hot_hashed_01-s2-f0-warm-r1-2e_K10,block1,native_ycsb_c_hot_hashed_01,2,warm,0,1,2e_K10,2e_K10,baseline,102,101,native_ycsb_c_hot_hashed_01-s2-f0-warm-r1-2e_K10:baseline,native_ycsb_c_hot_hashed_01-s2-f0-warm-r1-2e_K10:2e_K10,true,true,true,true,344.582,2250.598,0.0,0.0,0.131,434.891
portability,native_ycsb_c_hot_hashed_01-s2-f0-warm-r1-2f_slru,block1,native_ycsb_c_hot_hashed_01,2,warm,0,1,2f_slru,baseline,2f_slru,103,104,native_ycsb_c_hot_hashed_01-s2-f0-warm-r1-2f_slru:baseline,native_ycsb_c_hot_hashed_01-s2-f0-warm-r1-2f_slru:2f_slru,true,true,true,true,3410.0,33.673,0.0,0.0,0.26,103038.079
portability,native_ycsb_c_hot_hashed_01-s2-f0-warm-r2-2e_K10,block1,native_ycsb_c_hot_hashed_01,2,warm,0,2,2e_K10,baseline,2e_K10,105,106,native_ycsb_c_hot_hashed_01-s2-f0-warm-r2-2e_K10:baseline,native_ycsb_c_hot_hashed_01-s2-f0-warm-r2-2e_K10:2e_K10,true,true,true,true,3405.361,163.956,0.0,0.0,0.15,522.544
portability,native_ycsb_c_hot_hashed_01-s2-f0-warm-r2-2f_slru,block1,native_ycsb_c_hot_hashed_01,2,warm,0,2,2f_slru,baseline,2f_slru,107,108,native_ycsb_c_hot_hashed_01-s2-f0-warm-r2-2f_slru:baseline,native_ycsb_c_hot_hashed_01-s2-f0-warm-r2-2f_slru:2f_slru,true,true,true,true,3387.939,37.96,0.0,0.0,0.141,104151.514
portability,native_ycsb_c_hot_hashed_01-s2-f0-standalone-r0-2e_K10,block1,native_ycsb_c_hot_hashed_01,2,standalone,0,0,2e_K10,2e_K10,baseline,110,109,native_ycsb_c_hot_hashed_01-s2-f0-standalone-r0-2e_K10:baseline,native_ycsb_c_hot_hashed_01-s2-f0-standalone-r0-2e_K10:2e_K10,true,true,true,true,563.071,256.348,626.989,2317.312,0.13,437.376
portability,native_ycsb_c_hot_hashed_01-s2-f0-standalone-r0-2f_slru,block1,native_ycsb_c_hot_hashed_01,2,standalone,0,0,2f_slru,2f_slru,baseline,112,111,native_ycsb_c_hot_hashed_01-s2-f0-standalone-r0-2f_slru:baseline,native_ycsb_c_hot_hashed_01-s2-f0-standalone-r0-2f_slru:2f_slru,true,true,true,true,284.691,13.355,437.527,178.994,0.13,103419.628
portability,native_ycsb_c_hot_hashed_01-s2-f0-standalone-r1-2e_K10,block1,native_ycsb_c_hot_hashed_01,2,standalone,0,1,2e_K10,2e_K10,baseline,114,113,native_ycsb_c_hot_hashed_01-s2-f0-standalone-r1-2e_K10:baseline,native_ycsb_c_hot_hashed_01-s2-f0-standalone-r1-2e_K10:2e_K10,true,true,true,true,277.488,75.261,405.616,2164.878,0.15,432.968
portability,native_ycsb_c_hot_hashed_01-s2-f0-standalone-r1-2f_slru,block1,native_ycsb_c_hot_hashed_01,2,standalone,0,1,2f_slru,2f_slru,baseline,116,115,native_ycsb_c_hot_hashed_01-s2-f0-standalone-r1-2f_slru:baseline,native_ycsb_c_hot_hashed_01-s2-f0-standalone-r1-2f_slru:2f_slru,true,true,true,true,286.705,13.385,427.487,186.678,0.14,102598.675
portability,native_ycsb_c_hot_hashed_01-s2-f0-standalone-r2-2e_K10,block1,native_ycsb_c_hot_hashed_01,2,standalone,0,2,2e_K10,baseline,2e_K10,117,118,native_ycsb_c_hot_hashed_01-s2-f0-standalone-r2-2e_K10:baseline,native_ycsb_c_hot_hashed_01-s2-f0-standalone-r2-2e_K10:2e_K10,true,true,true,true,303.596,247.151,3348.405,399.194,0.13,511.103
portability,native_ycsb_c_hot_hashed_01-s2-f0-standalone-r2-2f_slru,block1,native_ycsb_c_hot_hashed_01,2,standalone,0,2,2f_slru,baseline,2f_slru,119,120,native_ycsb_c_hot_hashed_01-s2-f0-standalone-r2-2f_slru:baseline,native_ycsb_c_hot_hashed_01-s2-f0-standalone-r2-2f_slru:2f_slru,true,true,true,true,274.011,13.575,3466.165,174.506,0.15,103837.916
portability,native_ycsb_c_hot_hashed_01-s3-f0-warm-r0-2e_K10,block1,native_ycsb_c_hot_hashed_01,3,warm,0,0,2e_K10,baseline,2e_K10,121,122,native_ycsb_c_hot_hashed_01-s3-f0-warm-r0-2e_K10:baseline,native_ycsb_c_hot_hashed_01-s3-f0-warm-r0-2e_K10:2e_K10,true,true,true,true,3137.442,324.365,0.0,0.0,0.141,524.658
portability,native_ycsb_c_hot_hashed_01-s3-f0-warm-r0-2f_slru,block1,native_ycsb_c_hot_hashed_01,3,warm,0,0,2f_slru,baseline,2f_slru,123,124,native_ycsb_c_hot_hashed_01-s3-f0-warm-r0-2f_slru:baseline,native_ycsb_c_hot_hashed_01-s3-f0-warm-r0-2f_slru:2f_slru,true,true,true,true,403.713,32.15,0.0,0.0,0.19,102788.468
portability,native_ycsb_c_hot_hashed_01-s3-f0-warm-r1-2e_K10,block1,native_ycsb_c_hot_hashed_01,3,warm,0,1,2e_K10,2e_K10,baseline,126,125,native_ycsb_c_hot_hashed_01-s3-f0-warm-r1-2e_K10:baseline,native_ycsb_c_hot_hashed_01-s3-f0-warm-r1-2e_K10:2e_K10,true,true,true,true,355.513,329.204,0.0,0.0,0.14,512.446
portability,native_ycsb_c_hot_hashed_01-s3-f0-warm-r1-2f_slru,block1,native_ycsb_c_hot_hashed_01,3,warm,0,1,2f_slru,2f_slru,baseline,128,127,native_ycsb_c_hot_hashed_01-s3-f0-warm-r1-2f_slru:baseline,native_ycsb_c_hot_hashed_01-s3-f0-warm-r1-2f_slru:2f_slru,true,true,true,true,400.437,38.402,0.0,0.0,0.13,103861.348
portability,native_ycsb_c_hot_hashed_01-s3-f0-warm-r2-2e_K10,block1,native_ycsb_c_hot_hashed_01,3,warm,0,2,2e_K10,baseline,2e_K10,129,130,native_ycsb_c_hot_hashed_01-s3-f0-warm-r2-2e_K10:baseline,native_ycsb_c_hot_hashed_01-s3-f0-warm-r2-2e_K10:2e_K10,true,true,true,true,3363.824,338.531,0.0,0.0,0.131,572.658
portability,native_ycsb_c_hot_hashed_01-s3-f0-warm-r2-2f_slru,block1,native_ycsb_c_hot_hashed_01,3,warm,0,2,2f_slru,baseline,2f_slru,131,132,native_ycsb_c_hot_hashed_01-s3-f0-warm-r2-2f_slru:baseline,native_ycsb_c_hot_hashed_01-s3-f0-warm-r2-2f_slru:2f_slru,true,true,true,true,3378.381,32.3,0.0,0.0,0.141,101549.094
portability,native_ycsb_c_hot_hashed_01-s3-f0-standalone-r0-2e_K10,block1,native_ycsb_c_hot_hashed_01,3,standalone,0,0,2e_K10,2e_K10,baseline,134,133,native_ycsb_c_hot_hashed_01-s3-f0-standalone-r0-2e_K10:baseline,native_ycsb_c_hot_hashed_01-s3-f0-standalone-r0-2e_K10:2e_K10,true,true,true,true,260.977,85.88,408.972,2191.958,0.13,430.083
portability,native_ycsb_c_hot_hashed_01-s3-f0-standalone-r0-2f_slru,block1,native_ycsb_c_hot_hashed_01,3,standalone,0,0,2f_slru,baseline,2f_slru,135,136,native_ycsb_c_hot_hashed_01-s3-f0-standalone-r0-2f_slru:baseline,native_ycsb_c_hot_hashed_01-s3-f0-standalone-r0-2f_slru:2f_slru,true,true,true,true,131.676,14.057,3177.266,179.665,0.151,104037.113
portability,native_ycsb_c_hot_hashed_01-s3-f0-standalone-r1-2e_K10,block1,native_ycsb_c_hot_hashed_01,3,standalone,0,1,2e_K10,baseline,2e_K10,137,138,native_ycsb_c_hot_hashed_01-s3-f0-standalone-r1-2e_K10:baseline,native_ycsb_c_hot_hashed_01-s3-f0-standalone-r1-2e_K10:2e_K10,true,true,true,true,133.179,84.698,3195.28,258.993,0.15,513.027
portability,native_ycsb_c_hot_hashed_01-s3-f0-standalone-r1-2f_slru,block1,native_ycsb_c_hot_hashed_01,3,standalone,0,1,2f_slru,baseline,2f_slru,139,140,native_ycsb_c_hot_hashed_01-s3-f0-standalone-r1-2f_slru:baseline,native_ycsb_c_hot_hashed_01-s3-f0-standalone-r1-2f_slru:2f_slru,true,true,true,true,132.578,13.455,3188.236,179.475,0.15,104195.588
portability,native_ycsb_c_hot_hashed_01-s3-f0-standalone-r2-2e_K10,block1,native_ycsb_c_hot_hashed_01,3,standalone,0,2,2e_K10,2e_K10,baseline,142,141,native_ycsb_c_hot_hashed_01-s3-f0-standalone-r2-2e_K10:baseline,native_ycsb_c_hot_hashed_01-s3-f0-standalone-r2-2e_K10:2e_K10,true,true,true,true,264.283,86.311,411.287,2222.294,0.15,429.041
portability,native_ycsb_c_hot_hashed_01-s3-f0-standalone-r2-2f_slru,block1,native_ycsb_c_hot_hashed_01,3,standalone,0,2,2f_slru,2f_slru,baseline,144,143,native_ycsb_c_hot_hashed_01-s3-f0-standalone-r2-2f_slru:baseline,native_ycsb_c_hot_hashed_01-s3-f0-standalone-r2-2f_slru:2f_slru,true,true,true,true,290.261,13.344,429.872,178.342,0.12,103746.549
portability,read_tail_hit_20k-s1-f0-warm-r0-2e_K10,block1,read_tail_hit_20k,1,warm,0,0,2e_K10,baseline,2e_K10,145,146,read_tail_hit_20k-s1-f0-warm-r0-2e_K10:baseline,read_tail_hit_20k-s1-f0-warm-r0-2e_K10:2e_K10,true,true,true,true,3380.424,323.784,0.0,0.0,0.13,512.556
portability,read_tail_hit_20k-s1-f0-warm-r0-2f_slru,block1,read_tail_hit_20k,1,warm,0,0,2f_slru,baseline,2f_slru,147,148,read_tail_hit_20k-s1-f0-warm-r0-2f_slru:baseline,read_tail_hit_20k-s1-f0-warm-r0-2f_slru:2f_slru,true,true,true,true,3324.49,31.94,0.0,0.0,0.381,3770.532
portability,read_tail_hit_20k-s1-f0-warm-r1-2e_K10,block1,read_tail_hit_20k,1,warm,0,1,2e_K10,2e_K10,baseline,150,149,read_tail_hit_20k-s1-f0-warm-r1-2e_K10:baseline,read_tail_hit_20k-s1-f0-warm-r1-2e_K10:2e_K10,true,true,true,true,363.909,2274.872,0.0,0.0,0.15,427.287
portability,read_tail_hit_20k-s1-f0-warm-r1-2f_slru,block1,read_tail_hit_20k,1,warm,0,1,2f_slru,2f_slru,baseline,152,151,read_tail_hit_20k-s1-f0-warm-r1-2f_slru:baseline,read_tail_hit_20k-s1-f0-warm-r1-2f_slru:2f_slru,true,true,true,true,379.488,31.028,0.0,0.0,0.14,3057.131
portability,read_tail_hit_20k-s1-f0-warm-r2-2e_K10,block1,read_tail_hit_20k,1,warm,0,2,2e_K10,2e_K10,baseline,154,153,read_tail_hit_20k-s1-f0-warm-r2-2e_K10:baseline,read_tail_hit_20k-s1-f0-warm-r2-2e_K10:2e_K10,true,true,true,true,362.566,154.498,0.0,0.0,0.14,515.631
portability,read_tail_hit_20k-s1-f0-warm-r2-2f_slru,block1,read_tail_hit_20k,1,warm,0,2,2f_slru,2f_slru,baseline,156,155,read_tail_hit_20k-s1-f0-warm-r2-2f_slru:baseline,read_tail_hit_20k-s1-f0-warm-r2-2f_slru:2f_slru,true,true,true,true,385.479,30.336,0.0,0.0,0.13,3044.688
portability,read_tail_hit_20k-s1-f0-standalone-r0-2e_K10,block1,read_tail_hit_20k,1,standalone,0,0,2e_K10,baseline,2e_K10,157,158,read_tail_hit_20k-s1-f0-standalone-r0-2e_K10:baseline,read_tail_hit_20k-s1-f0-standalone-r0-2e_K10:2e_K10,true,true,true,true,294.289,227.615,3351.481,392.031,0.131,513.588
portability,read_tail_hit_20k-s1-f0-standalone-r0-2f_slru,block1,read_tail_hit_20k,1,standalone,0,0,2f_slru,baseline,2f_slru,159,160,read_tail_hit_20k-s1-f0-standalone-r0-2f_slru:baseline,read_tail_hit_20k-s1-f0-standalone-r0-2f_slru:2f_slru,true,true,true,true,306.191,13.124,3405.171,169.136,0.14,3839.6
portability,read_tail_hit_20k-s1-f0-standalone-r1-2e_K10,block1,read_tail_hit_20k,1,standalone,0,1,2e_K10,baseline,2e_K10,161,162,read_tail_hit_20k-s1-f0-standalone-r1-2e_K10:baseline,read_tail_hit_20k-s1-f0-standalone-r1-2e_K10:2e_K10,true,true,true,true,296.704,73.717,3400.081,238.906,0.14,518.877
portability,read_tail_hit_20k-s1-f0-standalone-r1-2f_slru,block1,read_tail_hit_20k,1,standalone,0,1,2f_slru,baseline,2f_slru,163,164,read_tail_hit_20k-s1-f0-standalone-r1-2f_slru:baseline,read_tail_hit_20k-s1-f0-standalone-r1-2f_slru:2f_slru,true,true,true,true,294.029,13.435,3421.361,168.054,0.13,3804.536
portability,read_tail_hit_20k-s1-f0-standalone-r2-2e_K10,block1,read_tail_hit_20k,1,standalone,0,2,2e_K10,baseline,2e_K10,165,166,read_tail_hit_20k-s1-f0-standalone-r2-2e_K10:baseline,read_tail_hit_20k-s1-f0-standalone-r2-2e_K10:2e_K10,true,true,true,true,301.823,75.06,3393.018,241.741,0.13,515.07
portability,read_tail_hit_20k-s1-f0-standalone-r2-2f_slru,block1,read_tail_hit_20k,1,standalone,0,2,2f_slru,baseline,2f_slru,167,168,read_tail_hit_20k-s1-f0-standalone-r2-2f_slru:baseline,read_tail_hit_20k-s1-f0-standalone-r2-2f_slru:2f_slru,true,true,true,true,140.031,13.075,3200.018,167.332,0.13,3796.39
portability,read_tail_hit_20k-s2-f0-warm-r0-2e_K10,block1,read_tail_hit_20k,2,warm,0,0,2e_K10,2e_K10,baseline,170,169,read_tail_hit_20k-s2-f0-warm-r0-2e_K10:baseline,read_tail_hit_20k-s2-f0-warm-r0-2e_K10:2e_K10,true,true,true,true,183.031,2066.594,0.0,0.0,0.13,392.402
portability,read_tail_hit_20k-s2-f0-warm-r0-2f_slru,block1,read_tail_hit_20k,2,warm,0,0,2f_slru,baseline,2f_slru,171,172,read_tail_hit_20k-s2-f0-warm-r0-2f_slru:baseline,read_tail_hit_20k-s2-f0-warm-r0-2f_slru:2f_slru,true,true,true,true,3062.411,30.567,0.0,0.0,0.15,3783.877
portability,read_tail_hit_20k-s2-f0-warm-r1-2e_K10,block1,read_tail_hit_20k,2,warm,0,1,2e_K10,baseline,2e_K10,173,174,read_tail_hit_20k-s2-f0-warm-r1-2e_K10:baseline,read_tail_hit_20k-s2-f0-warm-r1-2e_K10:2e_K10,true,true,true,true,3061.821,152.564,0.0,0.0,0.13,487.369
portability,read_tail_hit_20k-s2-f0-warm-r1-2f_slru,block1,read_tail_hit_20k,2,warm,0,1,2f_slru,2f_slru,baseline,176,175,read_tail_hit_20k-s2-f0-warm-r1-2f_slru:baseline,read_tail_hit_20k-s2-f0-warm-r1-2f_slru:2f_slru,true,true,true,true,224.479,31.027,0.0,0.0,0.13,3099.981
portability,read_tail_hit_20k-s2-f0-warm-r2-2e_K10,block1,read_tail_hit_20k,2,warm,0,2,2e_K10,baseline,2e_K10,177,178,read_tail_hit_20k-s2-f0-warm-r2-2e_K10:baseline,read_tail_hit_20k-s2-f0-warm-r2-2e_K10:2e_K10,true,true,true,true,3024.13,151.582,0.0,0.0,0.13,482.66
portability,read_tail_hit_20k-s2-f0-warm-r2-2f_slru,block1,read_tail_hit_20k,2,warm,0,2,2f_slru,baseline,2f_slru,179,180,read_tail_hit_20k-s2-f0-warm-r2-2f_slru:baseline,read_tail_hit_20k-s2-f0-warm-r2-2f_slru:2f_slru,true,true,true,true,3106.724,31.619,0.0,0.0,0.12,3708.476
portability,read_tail_hit_20k-s2-f0-standalone-r0-2e_K10,block1,read_tail_hit_20k,2,standalone,0,0,2e_K10,2e_K10,baseline,182,181,read_tail_hit_20k-s2-f0-standalone-r0-2e_K10:baseline,read_tail_hit_20k-s2-f0-standalone-r0-2e_K10:2e_K10,true,true,true,true,110.466,74.779,230.359,2135.954,0.13,397.691
portability,read_tail_hit_20k-s2-f0-standalone-r0-2f_slru,block1,read_tail_hit_20k,2,standalone,0,0,2f_slru,2f_slru,baseline,184,183,read_tail_hit_20k-s2-f0-standalone-r0-2f_slru:baseline,read_tail_hit_20k-s2-f0-standalone-r0-2f_slru:2f_slru,true,true,true,true,129.912,13.134,247.912,164.918,0.14,3680.263
portability,read_tail_hit_20k-s2-f0-standalone-r1-2e_K10,block1,read_tail_hit_20k,2,standalone,0,1,2e_K10,2e_K10,baseline,186,185,read_tail_hit_20k-s2-f0-standalone-r1-2e_K10:baseline,read_tail_hit_20k-s2-f0-standalone-r1-2e_K10:2e_K10,true,true,true,true,105.226,73.477,225.861,2100.697,0.15,392.642
portability,read_tail_hit_20k-s2-f0-standalone-r1-2f_slru,block1,read_tail_hit_20k,2,standalone,0,1,2f_slru,baseline,2f_slru,187,188,read_tail_hit_20k-s2-f0-standalone-r1-2f_slru:baseline,read_tail_hit_20k-s2-f0-standalone-r1-2f_slru:2f_slru,true,true,true,true,138.388,14.006,3118.095,165.308,0.14,3770.812
portability,read_tail_hit_20k-s2-f0-standalone-r2-2e_K10,block1,read_tail_hit_20k,2,standalone,0,2,2e_K10,2e_K10,baseline,190,189,read_tail_hit_20k-s2-f0-standalone-r2-2e_K10:baseline,read_tail_hit_20k-s2-f0-standalone-r2-2e_K10:2e_K10,true,true,true,true,109.615,78.156,251.699,2096.86,0.14,396.77
portability,read_tail_hit_20k-s2-f0-standalone-r2-2f_slru,block1,read_tail_hit_20k,2,standalone,0,2,2f_slru,2f_slru,baseline,192,191,read_tail_hit_20k-s2-f0-standalone-r2-2f_slru:baseline,read_tail_hit_20k-s2-f0-standalone-r2-2f_slru:2f_slru,true,true,true,true,135.122,13.405,293.057,168.364,0.13,3088.699
portability,read_tail_hit_20k-s3-f0-warm-r0-2e_K10,block1,read_tail_hit_20k,3,warm,0,0,2e_K10,2e_K10,baseline,194,193,read_tail_hit_20k-s3-f0-warm-r0-2e_K10:baseline,read_tail_hit_20k-s3-f0-warm-r0-2e_K10:2e_K10,true,true,true,true,205.553,2004.187,0.0,0.0,0.131,394.566
portability,read_tail_hit_20k-s3-f0-warm-r0-2f_slru,block1,read_tail_hit_20k,3,warm,0,0,2f_slru,baseline,2f_slru,195,196,read_tail_hit_20k-s3-f0-warm-r0-2f_slru:baseline,read_tail_hit_20k-s3-f0-warm-r0-2f_slru:2f_slru,true,true,true,true,3073.882,30.937,0.0,0.0,0.131,3800.017
portability,read_tail_hit_20k-s3-f0-warm-r1-2e_K10,block1,read_tail_hit_20k,3,warm,0,1,2e_K10,2e_K10,baseline,198,197,read_tail_hit_20k-s3-f0-warm-r1-2e_K10:baseline,read_tail_hit_20k-s3-f0-warm-r1-2e_K10:2e_K10,true,true,true,true,198.12,2075.541,0.0,0.0,0.151,394.946
portability,read_tail_hit_20k-s3-f0-warm-r1-2f_slru,block1,read_tail_hit_20k,3,warm,0,1,2f_slru,baseline,2f_slru,199,200,read_tail_hit_20k-s3-f0-warm-r1-2f_slru:baseline,read_tail_hit_20k-s3-f0-warm-r1-2f_slru:2f_slru,true,true,true,true,3005.675,32.17,0.0,0.0,0.141,3773.407
portability,read_tail_hit_20k-s3-f0-warm-r2-2e_K10,block1,read_tail_hit_20k,3,warm,0,2,2e_K10,2e_K10,baseline,202,201,read_tail_hit_20k-s3-f0-warm-r2-2e_K10:baseline,read_tail_hit_20k-s3-f0-warm-r2-2e_K10:2e_K10,true,true,true,true,203.359,1985.452,0.0,0.0,0.13,394.847
portability,read_tail_hit_20k-s3-f0-warm-r2-2f_slru,block1,read_tail_hit_20k,3,warm,0,2,2f_slru,2f_slru,baseline,204,203,read_tail_hit_20k-s3-f0-warm-r2-2f_slru:baseline,read_tail_hit_20k-s3-f0-warm-r2-2f_slru:2f_slru,true,true,true,true,174.716,30.907,0.0,0.0,0.13,3968.49
portability,read_tail_hit_20k-s3-f0-standalone-r0-2e_K10,block1,read_tail_hit_20k,3,standalone,0,0,2e_K10,baseline,2e_K10,205,206,read_tail_hit_20k-s3-f0-standalone-r0-2e_K10:baseline,read_tail_hit_20k-s3-f0-standalone-r0-2e_K10:2e_K10,true,true,true,true,133.459,74.949,3024.19,235.299,0.12,472.502
portability,read_tail_hit_20k-s3-f0-standalone-r0-2f_slru,block1,read_tail_hit_20k,3,standalone,0,0,2f_slru,2f_slru,baseline,208,207,read_tail_hit_20k-s3-f0-standalone-r0-2f_slru:baseline,read_tail_hit_20k-s3-f0-standalone-r0-2f_slru:2f_slru,true,true,true,true,235.93,13.515,399.105,166.49,0.14,3426.81
portability,read_tail_hit_20k-s3-f0-standalone-r1-2e_K10,block1,read_tail_hit_20k,3,standalone,0,1,2e_K10,2e_K10,baseline,210,209,read_tail_hit_20k-s3-f0-standalone-r1-2e_K10:baseline,read_tail_hit_20k-s3-f0-standalone-r1-2e_K10:2e_K10,true,true,true,true,281.525,75.952,393.013,2167.872,0.14,423.54
portability,read_tail_hit_20k-s3-f0-standalone-r1-2f_slru,block1,read_tail_hit_20k,3,standalone,0,1,2f_slru,baseline,2f_slru,211,212,read_tail_hit_20k-s3-f0-standalone-r1-2f_slru:baseline,read_tail_hit_20k-s3-f0-standalone-r1-2f_slru:2f_slru,true,true,true,true,154.177,13.225,3310.905,167.342,0.13,3878.563
portability,read_tail_hit_20k-s3-f0-standalone-r2-2e_K10,block1,read_tail_hit_20k,3,standalone,0,2,2e_K10,2e_K10,baseline,214,213,read_tail_hit_20k-s3-f0-standalone-r2-2e_K10:baseline,read_tail_hit_20k-s3-f0-standalone-r2-2e_K10:2e_K10,true,true,true,true,293.728,76.212,405.766,2197.769,0.13,433.468
portability,read_tail_hit_20k-s3-f0-standalone-r2-2f_slru,block1,read_tail_hit_20k,3,standalone,0,2,2f_slru,2f_slru,baseline,216,215,read_tail_hit_20k-s3-f0-standalone-r2-2f_slru:baseline,read_tail_hit_20k-s3-f0-standalone-r2-2f_slru:2f_slru,true,true,true,true,518.838,13.345,635.625,169.205,0.15,3221.598
portability,read_tail_mixed_20k-s1-f0-warm-r0-2e_K10,block2,read_tail_mixed_20k,1,warm,0,0,2e_K10,baseline,2e_K10,217,218,read_tail_mixed_20k-s1-f0-warm-r0-2e_K10:baseline,read_tail_mixed_20k-s1-f0-warm-r0-2e_K10:2e_K10,true,true,true,true,3141.619,257.38,0.0,0.0,0.14,517.405
portability,read_tail_mixed_20k-s1-f0-warm-r0-2f_slru,block2,read_tail_mixed_20k,1,warm,0,0,2f_slru,baseline,2f_slru,219,220,read_tail_mixed_20k-s1-f0-warm-r0-2f_slru:baseline,read_tail_mixed_20k-s1-f0-warm-r0-2f_slru:2f_slru,true,true,true,true,3215.406,30.947,0.0,0.0,0.15,2121.406
portability,read_tail_mixed_20k-s1-f0-warm-r0-leaf_freq_K10,block2,read_tail_mixed_20k,1,warm,0,0,leaf_freq_K10,leaf_freq_K10,baseline,222,221,read_tail_mixed_20k-s1-f0-warm-r0-leaf_freq_K10:baseline,read_tail_mixed_20k-s1-f0-warm-r0-leaf_freq_K10:leaf_freq_K10,true,true,true,true,352.999,2403.932,0.0,0.0,0.15,47.319
portability,read_tail_mixed_20k-s1-f0-warm-r0-leaf_rand_K10,block2,read_tail_mixed_20k,1,warm,0,0,leaf_rand_K10,leaf_rand_K10,baseline,224,223,read_tail_mixed_20k-s1-f0-warm-r0-leaf_rand_K10:baseline,read_tail_mixed_20k-s1-f0-warm-r0-leaf_rand_K10:leaf_rand_K10,true,true,true,true,354.311,240.629,0.0,0.0,0.181,54.041
portability,read_tail_mixed_20k-s1-f0-warm-r1-2e_K10,block2,read_tail_mixed_20k,1,warm,0,1,2e_K10,2e_K10,baseline,226,225,read_tail_mixed_20k-s1-f0-warm-r1-2e_K10:baseline,read_tail_mixed_20k-s1-f0-warm-r1-2e_K10:2e_K10,true,true,true,true,381.041,2107.871,0.0,0.0,0.14,429.281
portability,read_tail_mixed_20k-s1-f0-warm-r1-2f_slru,block2,read_tail_mixed_20k,1,warm,0,1,2f_slru,baseline,2f_slru,227,228,read_tail_mixed_20k-s1-f0-warm-r1-2f_slru:baseline,read_tail_mixed_20k-s1-f0-warm-r1-2f_slru:2f_slru,true,true,true,true,3220.105,57.056,0.0,0.0,0.14,1812.69
portability,read_tail_mixed_20k-s1-f0-warm-r1-leaf_freq_K10,block2,read_tail_mixed_20k,1,warm,0,1,leaf_freq_K10,baseline,leaf_freq_K10,229,230,read_tail_mixed_20k-s1-f0-warm-r1-leaf_freq_K10:baseline,read_tail_mixed_20k-s1-f0-warm-r1-leaf_freq_K10:leaf_freq_K10,true,true,true,true,3246.714,298.998,0.0,0.0,0.141,53.21
portability,read_tail_mixed_20k-s1-f0-warm-r1-leaf_rand_K10,block2,read_tail_mixed_20k,1,warm,0,1,leaf_rand_K10,baseline,leaf_rand_K10,231,232,read_tail_mixed_20k-s1-f0-warm-r1-leaf_rand_K10:baseline,read_tail_mixed_20k-s1-f0-warm-r1-leaf_rand_K10:leaf_rand_K10,true,true,true,true,3247.306,180.256,0.0,0.0,0.14,59.962
portability,read_tail_mixed_20k-s1-f0-warm-r2-2e_K10,block2,read_tail_mixed_20k,1,warm,0,2,2e_K10,baseline,2e_K10,233,234,read_tail_mixed_20k-s1-f0-warm-r2-2e_K10:baseline,read_tail_mixed_20k-s1-f0-warm-r2-2e_K10:2e_K10,true,true,true,true,3248.007,518.137,0.0,0.0,0.131,436.624
portability,read_tail_mixed_20k-s1-f0-warm-r2-2f_slru,block2,read_tail_mixed_20k,1,warm,0,2,2f_slru,2f_slru,baseline,236,235,read_tail_mixed_20k-s1-f0-warm-r2-2f_slru:baseline,read_tail_mixed_20k-s1-f0-warm-r2-2f_slru:2f_slru,true,true,true,true,356.936,970.81,0.0,0.0,0.15,1699.018
portability,read_tail_mixed_20k-s1-f0-warm-r2-leaf_freq_K10,block2,read_tail_mixed_20k,1,warm,0,2,leaf_freq_K10,leaf_freq_K10,baseline,238,237,read_tail_mixed_20k-s1-f0-warm-r2-leaf_freq_K10:baseline,read_tail_mixed_20k-s1-f0-warm-r2-leaf_freq_K10:leaf_freq_K10,true,true,true,true,176.248,2389.305,0.0,0.0,0.13,54.061
portability,read_tail_mixed_20k-s1-f0-warm-r2-leaf_rand_K10,block2,read_tail_mixed_20k,1,warm,0,2,leaf_rand_K10,baseline,leaf_rand_K10,239,240,read_tail_mixed_20k-s1-f0-warm-r2-leaf_rand_K10:baseline,read_tail_mixed_20k-s1-f0-warm-r2-leaf_rand_K10:leaf_rand_K10,true,true,true,true,3186.292,344.152,0.0,0.0,0.12,70.672
portability,read_tail_mixed_20k-s1-f0-standalone-r0-2e_K10,block2,read_tail_mixed_20k,1,standalone,0,0,2e_K10,2e_K10,baseline,242,241,read_tail_mixed_20k-s1-f0-standalone-r0-2e_K10:baseline,read_tail_mixed_20k-s1-f0-standalone-r0-2e_K10:2e_K10,true,true,true,true,126.656,20.217,230.641,2363.828,0.14,429.861
portability,read_tail_mixed_20k-s1-f0-standalone-r0-2f_slru,block2,read_tail_mixed_20k,1,standalone,0,0,2f_slru,baseline,2f_slru,243,244,read_tail_mixed_20k-s1-f0-standalone-r0-2f_slru:baseline,read_tail_mixed_20k-s1-f0-standalone-r0-2f_slru:2f_slru,true,true,true,true,140.682,14.056,3267.062,165.489,0.12,2084.337
portability,read_tail_mixed_20k-s1-f0-standalone-r0-leaf_freq_K10,block2,read_tail_mixed_20k,1,standalone,0,0,leaf_freq_K10,leaf_freq_K10,baseline,246,245,read_tail_mixed_20k-s1-f0-standalone-r0-leaf_freq_K10:baseline,read_tail_mixed_20k-s1-f0-standalone-r0-leaf_freq_K10:leaf_freq_K10,true,true,true,true,262.439,96.931,385.189,2510.0,0.13,51.245
portability,read_tail_mixed_20k-s1-f0-standalone-r0-leaf_rand_K10,block2,read_tail_mixed_20k,1,standalone,0,0,leaf_rand_K10,baseline,leaf_rand_K10,247,248,read_tail_mixed_20k-s1-f0-standalone-r0-leaf_rand_K10:baseline,read_tail_mixed_20k-s1-f0-standalone-r0-leaf_rand_K10:leaf_rand_K10,true,true,true,true,140.101,104.786,3199.035,242.382,0.14,59.04
portability,read_tail_mixed_20k-s1-f0-standalone-r1-2e_K10,block2,read_tail_mixed_20k,1,standalone,0,1,2e_K10,baseline,2e_K10,249,250,read_tail_mixed_20k-s1-f0-standalone-r1-2e_K10:baseline,read_tail_mixed_20k-s1-f0-standalone-r1-2e_K10:2e_K10,true,true,true,true,139.209,13.685,3170.502,395.007,0.12,525.54
portability,read_tail_mixed_20k-s1-f0-standalone-r1-2f_slru,block2,read_tail_mixed_20k,1,standalone,0,1,2f_slru,2f_slru,baseline,252,251,read_tail_mixed_20k-s1-f0-standalone-r1-2f_slru:baseline,read_tail_mixed_20k-s1-f0-standalone-r1-2f_slru:2f_slru,true,true,true,true,261.839,115.265,400.777,889.068,0.16,1687.396
portability,read_tail_mixed_20k-s1-f0-standalone-r1-leaf_freq_K10,block2,read_tail_mixed_20k,1,standalone,0,1,leaf_freq_K10,leaf_freq_K10,baseline,254,253,read_tail_mixed_20k-s1-f0-standalone-r1-leaf_freq_K10:baseline,read_tail_mixed_20k-s1-f0-standalone-r1-leaf_freq_K10:leaf_freq_K10,true,true,true,true,262.709,241.531,382.653,407.229,0.13,51.326
portability,read_tail_mixed_20k-s1-f0-standalone-r1-leaf_rand_K10,block2,read_tail_mixed_20k,1,standalone,0,1,leaf_rand_K10,baseline,leaf_rand_K10,255,256,read_tail_mixed_20k-s1-f0-standalone-r1-leaf_rand_K10:baseline,read_tail_mixed_20k-s1-f0-standalone-r1-leaf_rand_K10:leaf_rand_K10,true,true,true,true,138.548,263.751,3225.254,385.338,0.13,58.729
portability,read_tail_mixed_20k-s1-f0-standalone-r2-2e_K10,block2,read_tail_mixed_20k,1,standalone,0,2,2e_K10,2e_K10,baseline,258,257,read_tail_mixed_20k-s1-f0-standalone-r2-2e_K10:baseline,read_tail_mixed_20k-s1-f0-standalone-r2-2e_K10:2e_K10,true,true,true,true,126.917,19.917,238.094,2328.973,0.151,424.191
portability,read_tail_mixed_20k-s1-f0-standalone-r2-2f_slru,block2,read_tail_mixed_20k,1,standalone,0,2,2f_slru,baseline,2f_slru,259,260,read_tail_mixed_20k-s1-f0-standalone-r2-2f_slru:baseline,read_tail_mixed_20k-s1-f0-standalone-r2-2f_slru:2f_slru,true,true,true,true,136.675,13.495,3164.962,168.234,0.141,2143.807
portability,read_tail_mixed_20k-s1-f0-standalone-r2-leaf_freq_K10,block2,read_tail_mixed_20k,1,standalone,0,2,leaf_freq_K10,baseline,leaf_freq_K10,261,262,read_tail_mixed_20k-s1-f0-standalone-r2-leaf_freq_K10:baseline,read_tail_mixed_20k-s1-f0-standalone-r2-leaf_freq_K10:leaf_freq_K10,true,true,true,true,142.376,220.702,3211.669,395.468,0.14,52.999
portability,read_tail_mixed_20k-s1-f0-standalone-r2-leaf_rand_K10,block2,read_tail_mixed_20k,1,standalone,0,2,leaf_rand_K10,leaf_rand_K10,baseline,264,263,read_tail_mixed_20k-s1-f0-standalone-r2-leaf_rand_K10:baseline,read_tail_mixed_20k-s1-f0-standalone-r2-leaf_rand_K10:leaf_rand_K10,true,true,true,true,104.956,130.183,248.383,2477.26,0.14,59.591
portability,read_tail_mixed_20k-s2-f0-warm-r0-2e_K10,block2,read_tail_mixed_20k,2,warm,0,0,2e_K10,baseline,2e_K10,265,266,read_tail_mixed_20k-s2-f0-warm-r0-2e_K10:baseline,read_tail_mixed_20k-s2-f0-warm-r0-2e_K10:2e_K10,true,true,true,true,3260.009,306.692,0.0,0.0,0.14,521.422
portability,read_tail_mixed_20k-s2-f0-warm-r0-2f_slru,block2,read_tail_mixed_20k,2,warm,0,0,2f_slru,baseline,2f_slru,267,268,read_tail_mixed_20k-s2-f0-warm-r0-2f_slru:baseline,read_tail_mixed_20k-s2-f0-warm-r0-2f_slru:2f_slru,true,true,true,true,3251.483,30.797,0.0,0.0,0.15,2037.75
portability,read_tail_mixed_20k-s2-f0-warm-r0-leaf_freq_K10,block2,read_tail_mixed_20k,2,warm,0,0,leaf_freq_K10,leaf_freq_K10,baseline,270,269,read_tail_mixed_20k-s2-f0-warm-r0-leaf_freq_K10:baseline,read_tail_mixed_20k-s2-f0-warm-r0-leaf_freq_K10:leaf_freq_K10,true,true,true,true,155.861,2438.777,0.0,0.0,0.14,53.96
portability,read_tail_mixed_20k-s2-f0-warm-r0-leaf_rand_K10,block2,read_tail_mixed_20k,2,warm,0,0,leaf_rand_K10,leaf_rand_K10,baseline,272,271,read_tail_mixed_20k-s2-f0-warm-r0-leaf_rand_K10:baseline,read_tail_mixed_20k-s2-f0-warm-r0-leaf_rand_K10:leaf_rand_K10,true,true,true,true,310.89,2462.522,0.0,0.0,0.2,57.087
portability,read_tail_mixed_20k-s2-f0-warm-r1-2e_K10,block2,read_tail_mixed_20k,2,warm,0,1,2e_K10,2e_K10,baseline,274,273,read_tail_mixed_20k-s2-f0-warm-r1-2e_K10:baseline,read_tail_mixed_20k-s2-f0-warm-r1-2e_K10:2e_K10,true,true,true,true,355.493,2162.843,0.0,0.0,0.14,423.88
portability,read_tail_mixed_20k-s2-f0-warm-r1-2f_slru,block2,read_tail_mixed_20k,2,warm,0,1,2f_slru,baseline,2f_slru,275,276,read_tail_mixed_20k-s2-f0-warm-r1-2f_slru:baseline,read_tail_mixed_20k-s2-f0-warm-r1-2f_slru:2f_slru,true,true,true,true,3211.879,30.577,0.0,0.0,0.13,2023.894
portability,read_tail_mixed_20k-s2-f0-warm-r1-leaf_freq_K10,block2,read_tail_mixed_20k,2,warm,0,1,leaf_freq_K10,baseline,leaf_freq_K10,277,278,read_tail_mixed_20k-s2-f0-warm-r1-leaf_freq_K10:baseline,read_tail_mixed_20k-s2-f0-warm-r1-leaf_freq_K10:leaf_freq_K10,true,true,true,true,3191.091,324.515,0.0,0.0,0.13,54.312
portability,read_tail_mixed_20k-s2-f0-warm-r1-leaf_rand_K10,block2,read_tail_mixed_20k,2,warm,0,1,leaf_rand_K10,leaf_rand_K10,baseline,280,279,read_tail_mixed_20k-s2-f0-warm-r1-leaf_rand_K10:baseline,read_tail_mixed_20k-s2-f0-warm-r1-leaf_rand_K10:leaf_rand_K10,true,true,true,true,157.333,2367.204,0.0,0.0,0.12,59.11
portability,read_tail_mixed_20k-s2-f0-warm-r2-2e_K10,block2,read_tail_mixed_20k,2,warm,0,2,2e_K10,2e_K10,baseline,282,281,read_tail_mixed_20k-s2-f0-warm-r2-2e_K10:baseline,read_tail_mixed_20k-s2-f0-warm-r2-2e_K10:2e_K10,true,true,true,true,337.209,152.264,0.0,0.0,0.14,564.362
portability,read_tail_mixed_20k-s2-f0-warm-r2-2f_slru,block2,read_tail_mixed_20k,2,warm,0,2,2f_slru,baseline,2f_slru,283,284,read_tail_mixed_20k-s2-f0-warm-r2-2f_slru:baseline,read_tail_mixed_20k-s2-f0-warm-r2-2f_slru:2f_slru,true,true,true,true,3197.722,30.427,0.0,0.0,0.13,2041.006
portability,read_tail_mixed_20k-s2-f0-warm-r2-leaf_freq_K10,block2,read_tail_mixed_20k,2,warm,0,2,leaf_freq_K10,leaf_freq_K10,baseline,286,285,read_tail_mixed_20k-s2-f0-warm-r2-leaf_freq_K10:baseline,read_tail_mixed_20k-s2-f0-warm-r2-leaf_freq_K10:leaf_freq_K10,true,true,true,true,159.748,2452.483,0.0,0.0,0.14,54.211
portability,read_tail_mixed_20k-s2-f0-warm-r2-leaf_rand_K10,block2,read_tail_mixed_20k,2,warm,0,2,leaf_rand_K10,baseline,leaf_rand_K10,287,288,read_tail_mixed_20k-s2-f0-warm-r2-leaf_rand_K10:baseline,read_tail_mixed_20k-s2-f0-warm-r2-leaf_rand_K10:leaf_rand_K10,true,true,true,true,3166.104,319.325,0.0,0.0,0.16,59.922
portability,read_tail_mixed_20k-s2-f0-standalone-r0-2e_K10,block2,read_tail_mixed_20k,2,standalone,0,0,2e_K10,baseline,2e_K10,289,290,read_tail_mixed_20k-s2-f0-standalone-r0-2e_K10:baseline,read_tail_mixed_20k-s2-f0-standalone-r0-2e_K10:2e_K10,true,true,true,true,293.357,222.274,3354.805,389.195,0.13,514.038
portability,read_tail_mixed_20k-s2-f0-standalone-r0-2f_slru,block2,read_tail_mixed_20k,2,standalone,0,0,2f_slru,2f_slru,baseline,292,291,read_tail_mixed_20k-s2-f0-standalone-r0-2f_slru:baseline,read_tail_mixed_20k-s2-f0-standalone-r0-2f_slru:2f_slru,true,true,true,true,239.517,154.167,408.151,895.038,0.13,1669.563
portability,read_tail_mixed_20k-s2-f0-standalone-r0-leaf_freq_K10,block2,read_tail_mixed_20k,2,standalone,0,0,leaf_freq_K10,baseline,leaf_freq_K10,293,294,read_tail_mixed_20k-s2-f0-standalone-r0-leaf_freq_K10:baseline,read_tail_mixed_20k-s2-f0-standalone-r0-leaf_freq_K10:leaf_freq_K10,true,true,true,true,135.072,239.296,3211.688,387.292,0.12,54.141
portability,read_tail_mixed_20k-s2-f0-standalone-r0-leaf_rand_K10,block2,read_tail_mixed_20k,2,standalone,0,0,leaf_rand_K10,leaf_rand_K10,baseline,296,295,read_tail_mixed_20k-s2-f0-standalone-r0-leaf_rand_K10:baseline,read_tail_mixed_20k-s2-f0-standalone-r0-leaf_rand_K10:leaf_rand_K10,true,true,true,true,80.23,134.17,226.803,2397.972,0.12,59.11
portability,read_tail_mixed_20k-s2-f0-standalone-r1-2e_K10,block2,read_tail_mixed_20k,2,standalone,0,1,2e_K10,2e_K10,baseline,298,297,read_tail_mixed_20k-s2-f0-standalone-r1-2e_K10:baseline,read_tail_mixed_20k-s2-f0-standalone-r1-2e_K10:2e_K10,true,true,true,true,289.45,76.152,395.327,2295.1,0.131,437.777
portability,read_tail_mixed_20k-s2-f0-standalone-r1-2f_slru,block2,read_tail_mixed_20k,2,standalone,0,1,2f_slru,2f_slru,baseline,300,299,read_tail_mixed_20k-s2-f0-standalone-r1-2f_slru:baseline,read_tail_mixed_20k-s2-f0-standalone-r1-2f_slru:2f_slru,true,true,true,true,241.69,126.246,407.62,996.939,0.13,1609.711
portability,read_tail_mixed_20k-s2-f0-standalone-r1-leaf_freq_K10,block2,read_tail_mixed_20k,2,standalone,0,1,leaf_freq_K10,baseline,leaf_freq_K10,301,302,read_tail_mixed_20k-s2-f0-standalone-r1-leaf_freq_K10:baseline,read_tail_mixed_20k-s2-f0-standalone-r1-leaf_freq_K10:leaf_freq_K10,true,true,true,true,144.85,80.831,3297.438,232.083,0.15,55.574
portability,read_tail_mixed_20k-s2-f0-standalone-r1-leaf_rand_K10,block2,read_tail_mixed_20k,2,standalone,0,1,leaf_rand_K10,baseline,leaf_rand_K10,303,304,read_tail_mixed_20k-s2-f0-standalone-r1-leaf_rand_K10:baseline,read_tail_mixed_20k-s2-f0-standalone-r1-leaf_rand_K10:leaf_rand_K10,true,true,true,true,132.697,241.571,3238.158,392.051,0.161,58.709
portability,read_tail_mixed_20k-s2-f0-standalone-r2-2e_K10,block2,read_tail_mixed_20k,2,standalone,0,2,2e_K10,2e_K10,baseline,306,305,read_tail_mixed_20k-s2-f0-standalone-r2-2e_K10:baseline,read_tail_mixed_20k-s2-f0-standalone-r2-2e_K10:2e_K10,true,true,true,true,237.353,226.933,401.75,397.852,0.151,524.578
portability,read_tail_mixed_20k-s2-f0-standalone-r2-2f_slru,block2,read_tail_mixed_20k,2,standalone,0,2,2f_slru,baseline,2f_slru,307,308,read_tail_mixed_20k-s2-f0-standalone-r2-2f_slru:baseline,read_tail_mixed_20k-s2-f0-standalone-r2-2f_slru:2f_slru,true,true,true,true,135.012,13.095,3277.462,167.131,0.13,2098.813
portability,read_tail_mixed_20k-s2-f0-standalone-r2-leaf_freq_K10,block2,read_tail_mixed_20k,2,standalone,0,2,leaf_freq_K10,leaf_freq_K10,baseline,310,309,read_tail_mixed_20k-s2-f0-standalone-r2-leaf_freq_K10:baseline,read_tail_mixed_20k-s2-f0-standalone-r2-leaf_freq_K10:leaf_freq_K10,true,true,true,true,241.65,133.088,381.541,2439.659,0.15,54.031
portability,read_tail_mixed_20k-s2-f0-standalone-r2-leaf_rand_K10,block2,read_tail_mixed_20k,2,standalone,0,2,leaf_rand_K10,baseline,leaf_rand_K10,311,312,read_tail_mixed_20k-s2-f0-standalone-r2-leaf_rand_K10:baseline,read_tail_mixed_20k-s2-f0-standalone-r2-leaf_rand_K10:leaf_rand_K10,true,true,true,true,147.726,83.326,3287.631,236.701,0.14,59.702
portability,read_tail_mixed_20k-s3-f0-warm-r0-2e_K10,block2,read_tail_mixed_20k,3,warm,0,0,2e_K10,baseline,2e_K10,313,314,read_tail_mixed_20k-s3-f0-warm-r0-2e_K10:baseline,read_tail_mixed_20k-s3-f0-warm-r0-2e_K10:2e_K10,true,true,true,true,3212.53,259.574,0.0,0.0,0.13,517.104
portability,read_tail_mixed_20k-s3-f0-warm-r0-2f_slru,block2,read_tail_mixed_20k,3,warm,0,0,2f_slru,2f_slru,baseline,316,315,read_tail_mixed_20k-s3-f0-warm-r0-2f_slru:baseline,read_tail_mixed_20k-s3-f0-warm-r0-2f_slru:2f_slru,true,true,true,true,343.21,38.191,0.0,0.0,0.13,2448.095
portability,read_tail_mixed_20k-s3-f0-warm-r0-leaf_freq_K10,block2,read_tail_mixed_20k,3,warm,0,0,leaf_freq_K10,leaf_freq_K10,baseline,318,317,read_tail_mixed_20k-s3-f0-warm-r0-leaf_freq_K10:baseline,read_tail_mixed_20k-s3-f0-warm-r0-leaf_freq_K10:leaf_freq_K10,true,true,true,true,160.44,2451.271,0.0,0.0,0.14,53.139
portability,read_tail_mixed_20k-s3-f0-warm-r0-leaf_rand_K10,block2,read_tail_mixed_20k,3,warm,0,0,leaf_rand_K10,baseline,leaf_rand_K10,319,320,read_tail_mixed_20k-s3-f0-warm-r0-leaf_rand_K10:baseline,read_tail_mixed_20k-s3-f0-warm-r0-leaf_rand_K10:leaf_rand_K10,true,true,true,true,3158.039,332.05,0.0,0.0,0.13,59.621
portability,read_tail_mixed_20k-s3-f0-warm-r1-2e_K10,block2,read_tail_mixed_20k,3,warm,0,1,2e_K10,baseline,2e_K10,321,322,read_tail_mixed_20k-s3-f0-warm-r1-2e_K10:baseline,read_tail_mixed_20k-s3-f0-warm-r1-2e_K10:2e_K10,true,true,true,true,3187.944,127.749,0.0,0.0,0.131,485.526
portability,read_tail_mixed_20k-s3-f0-warm-r1-2f_slru,block2,read_tail_mixed_20k,3,warm,0,1,2f_slru,baseline,2f_slru,323,324,read_tail_mixed_20k-s3-f0-warm-r1-2f_slru:baseline,read_tail_mixed_20k-s3-f0-warm-r1-2f_slru:2f_slru,true,true,true,true,3184.017,35.306,0.0,0.0,0.131,2084.688
portability,read_tail_mixed_20k-s3-f0-warm-r1-leaf_freq_K10,block2,read_tail_mixed_20k,3,warm,0,1,leaf_freq_K10,baseline,leaf_freq_K10,325,326,read_tail_mixed_20k-s3-f0-warm-r1-leaf_freq_K10:baseline,read_tail_mixed_20k-s3-f0-warm-r1-leaf_freq_K10:leaf_freq_K10,true,true,true,true,3255.982,306.923,0.0,0.0,0.14,54.722
portability,read_tail_mixed_20k-s3-f0-warm-r1-leaf_rand_K10,block2,read_tail_mixed_20k,3,warm,0,1,leaf_rand_K10,baseline,leaf_rand_K10,327,328,read_tail_mixed_20k-s3-f0-warm-r1-leaf_rand_K10:baseline,read_tail_mixed_20k-s3-f0-warm-r1-leaf_rand_K10:leaf_rand_K10,true,true,true,true,3256.012,159.498,0.0,0.0,0.14,59.601
portability,read_tail_mixed_20k-s3-f0-warm-r2-2e_K10,block2,read_tail_mixed_20k,3,warm,0,2,2e_K10,2e_K10,baseline,330,329,read_tail_mixed_20k-s3-f0-warm-r2-2e_K10:baseline,read_tail_mixed_20k-s3-f0-warm-r2-2e_K10:2e_K10,true,true,true,true,412.409,2093.082,0.0,0.0,0.12,429.22
portability,read_tail_mixed_20k-s3-f0-warm-r2-2f_slru,block2,read_tail_mixed_20k,3,warm,0,2,2f_slru,2f_slru,baseline,332,331,read_tail_mixed_20k-s3-f0-warm-r2-2f_slru:baseline,read_tail_mixed_20k-s3-f0-warm-r2-2f_slru:2f_slru,true,true,true,true,342.839,1230.746,0.0,0.0,0.13,1614.881
portability,read_tail_mixed_20k-s3-f0-warm-r2-leaf_freq_K10,block2,read_tail_mixed_20k,3,warm,0,2,leaf_freq_K10,baseline,leaf_freq_K10,333,334,read_tail_mixed_20k-s3-f0-warm-r2-leaf_freq_K10:baseline,read_tail_mixed_20k-s3-f0-warm-r2-leaf_freq_K10:leaf_freq_K10,true,true,true,true,3208.903,291.483,0.0,0.0,0.14,49.403
portability,read_tail_mixed_20k-s3-f0-warm-r2-leaf_rand_K10,block2,read_tail_mixed_20k,3,warm,0,2,leaf_rand_K10,baseline,leaf_rand_K10,335,336,read_tail_mixed_20k-s3-f0-warm-r2-leaf_rand_K10:baseline,read_tail_mixed_20k-s3-f0-warm-r2-leaf_rand_K10:leaf_rand_K10,true,true,true,true,3159.602,333.873,0.0,0.0,0.13,59.36
portability,read_tail_mixed_20k-s3-f0-standalone-r0-2e_K10,block2,read_tail_mixed_20k,3,standalone,0,0,2e_K10,baseline,2e_K10,337,338,read_tail_mixed_20k-s3-f0-standalone-r0-2e_K10:baseline,read_tail_mixed_20k-s3-f0-standalone-r0-2e_K10:2e_K10,true,true,true,true,156.472,14.066,3184.378,234.628,0.19,487.218
portability,read_tail_mixed_20k-s3-f0-standalone-r0-2f_slru,block2,read_tail_mixed_20k,3,standalone,0,0,2f_slru,baseline,2f_slru,339,340,read_tail_mixed_20k-s3-f0-standalone-r0-2f_slru:baseline,read_tail_mixed_20k-s3-f0-standalone-r0-2f_slru:2f_slru,true,true,true,true,132.297,15.469,3262.133,173.734,0.14,2057.877
portability,read_tail_mixed_20k-s3-f0-standalone-r0-leaf_freq_K10,block2,read_tail_mixed_20k,3,standalone,0,0,leaf_freq_K10,leaf_freq_K10,baseline,342,341,read_tail_mixed_20k-s3-f0-standalone-r0-leaf_freq_K10:baseline,read_tail_mixed_20k-s3-f0-standalone-r0-leaf_freq_K10:leaf_freq_K10,true,true,true,true,243.984,83.596,384.747,2413.14,0.14,53.48
portability,read_tail_mixed_20k-s3-f0-standalone-r0-leaf_rand_K10,block2,read_tail_mixed_20k,3,standalone,0,0,leaf_rand_K10,leaf_rand_K10,baseline,344,343,read_tail_mixed_20k-s3-f0-standalone-r0-leaf_rand_K10:baseline,read_tail_mixed_20k-s3-f0-standalone-r0-leaf_rand_K10:leaf_rand_K10,true,true,true,true,241.671,144.469,382.363,2448.695,0.13,59.231
portability,read_tail_mixed_20k-s3-f0-standalone-r1-2e_K10,block2,read_tail_mixed_20k,3,standalone,0,1,2e_K10,baseline,2e_K10,345,346,read_tail_mixed_20k-s3-f0-standalone-r1-2e_K10:baseline,read_tail_mixed_20k-s3-f0-standalone-r1-2e_K10:2e_K10,true,true,true,true,160.84,14.096,3309.761,388.985,0.151,509.781
portability,read_tail_mixed_20k-s3-f0-standalone-r1-2f_slru,block2,read_tail_mixed_20k,3,standalone,0,1,2f_slru,baseline,2f_slru,347,348,read_tail_mixed_20k-s3-f0-standalone-r1-2f_slru:baseline,read_tail_mixed_20k-s3-f0-standalone-r1-2f_slru:2f_slru,true,true,true,true,145.331,14.386,3164.902,166.992,0.2,2013.334
portability,read_tail_mixed_20k-s3-f0-standalone-r1-leaf_freq_K10,block2,read_tail_mixed_20k,3,standalone,0,1,leaf_freq_K10,baseline,leaf_freq_K10,349,350,read_tail_mixed_20k-s3-f0-standalone-r1-leaf_freq_K10:baseline,read_tail_mixed_20k-s3-f0-standalone-r1-leaf_freq_K10:leaf_freq_K10,true,true,true,true,135.583,220.2,3214.464,384.016,0.14,53.329
portability,read_tail_mixed_20k-s3-f0-standalone-r1-leaf_rand_K10,block2,read_tail_mixed_20k,3,standalone,0,1,leaf_rand_K10,leaf_rand_K10,baseline,352,351,read_tail_mixed_20k-s3-f0-standalone-r1-leaf_rand_K10:baseline,read_tail_mixed_20k-s3-f0-standalone-r1-leaf_rand_K10:leaf_rand_K10,true,true,true,true,264.002,150.32,384.177,2420.303,0.131,59.361
portability,read_tail_mixed_20k-s3-f0-standalone-r2-2e_K10,block2,read_tail_mixed_20k,3,standalone,0,2,2e_K10,2e_K10,baseline,354,353,read_tail_mixed_20k-s3-f0-standalone-r2-2e_K10:baseline,read_tail_mixed_20k-s3-f0-standalone-r2-2e_K10:2e_K10,true,true,true,true,123.46,13.906,234.787,2272.958,0.151,432.697
portability,read_tail_mixed_20k-s3-f0-standalone-r2-2f_slru,block2,read_tail_mixed_20k,3,standalone,0,2,2f_slru,baseline,2f_slru,355,356,read_tail_mixed_20k-s3-f0-standalone-r2-2f_slru:baseline,read_tail_mixed_20k-s3-f0-standalone-r2-2f_slru:2f_slru,true,true,true,true,135.022,14.126,3280.978,164.446,0.14,2035.685
portability,read_tail_mixed_20k-s3-f0-standalone-r2-leaf_freq_K10,block2,read_tail_mixed_20k,3,standalone,0,2,leaf_freq_K10,leaf_freq_K10,baseline,358,357,read_tail_mixed_20k-s3-f0-standalone-r2-leaf_freq_K10:baseline,read_tail_mixed_20k-s3-f0-standalone-r2-leaf_freq_K10:leaf_freq_K10,true,true,true,true,85.78,97.422,225.36,2520.048,0.15,53.6
portability,read_tail_mixed_20k-s3-f0-standalone-r2-leaf_rand_K10,block2,read_tail_mixed_20k,3,standalone,0,2,leaf_rand_K10,leaf_rand_K10,baseline,360,359,read_tail_mixed_20k-s3-f0-standalone-r2-leaf_rand_K10:baseline,read_tail_mixed_20k-s3-f0-standalone-r2-leaf_rand_K10:leaf_rand_K10,true,true,true,true,242.312,124.202,381.742,2380.75,0.141,58.408
portability,native_ycsb_c_read_zipf-s1-f0-warm-r0-2f_top28,block3,native_ycsb_c_read_zipf,1,warm,0,0,2f_top28,2f_top28,baseline,362,361,native_ycsb_c_read_zipf-s1-f0-warm-r0-2f_top28:baseline,native_ycsb_c_read_zipf-s1-f0-warm-r0-2f_top28:2f_top28,true,true,true,true,392.141,2264.763,0.0,0.0,0.14,128.399
portability,native_ycsb_c_read_zipf-s1-f0-warm-r0-learned_markov_28,block3,native_ycsb_c_read_zipf,1,warm,0,0,learned_markov_28,learned_markov_28,baseline,364,363,native_ycsb_c_read_zipf-s1-f0-warm-r0-learned_markov_28:baseline,native_ycsb_c_read_zipf-s1-f0-warm-r0-learned_markov_28:learned_markov_28,true,true,true,true,227.243,2407.028,0.0,0.0,0.23,133.219
portability,native_ycsb_c_read_zipf-s1-f0-warm-r1-2f_top28,block3,native_ycsb_c_read_zipf,1,warm,0,1,2f_top28,2f_top28,baseline,366,365,native_ycsb_c_read_zipf-s1-f0-warm-r1-2f_top28:baseline,native_ycsb_c_read_zipf-s1-f0-warm-r1-2f_top28:2f_top28,true,true,true,true,380.509,2339.332,0.0,0.0,0.14,127.848
portability,native_ycsb_c_read_zipf-s1-f0-warm-r1-learned_markov_28,block3,native_ycsb_c_read_zipf,1,warm,0,1,learned_markov_28,learned_markov_28,baseline,368,367,native_ycsb_c_read_zipf-s1-f0-warm-r1-learned_markov_28:baseline,native_ycsb_c_read_zipf-s1-f0-warm-r1-learned_markov_28:learned_markov_28,true,true,true,true,379.828,2297.744,0.0,0.0,0.14,128.289
portability,native_ycsb_c_read_zipf-s1-f0-warm-r2-2f_top28,block3,native_ycsb_c_read_zipf,1,warm,0,2,2f_top28,2f_top28,baseline,370,369,native_ycsb_c_read_zipf-s1-f0-warm-r2-2f_top28:baseline,native_ycsb_c_read_zipf-s1-f0-warm-r2-2f_top28:2f_top28,true,true,true,true,221.73,2333.969,0.0,0.0,0.161,126.474
portability,native_ycsb_c_read_zipf-s1-f0-warm-r2-learned_markov_28,block3,native_ycsb_c_read_zipf,1,warm,0,2,learned_markov_28,learned_markov_28,baseline,372,371,native_ycsb_c_read_zipf-s1-f0-warm-r2-learned_markov_28:baseline,native_ycsb_c_read_zipf-s1-f0-warm-r2-learned_markov_28:learned_markov_28,true,true,true,true,369.503,2321.636,0.0,0.0,0.141,128.517
portability,native_ycsb_c_read_zipf-s1-f0-standalone-r0-2f_top28,block3,native_ycsb_c_read_zipf,1,standalone,0,0,2f_top28,2f_top28,baseline,374,373,native_ycsb_c_read_zipf-s1-f0-standalone-r0-2f_top28:baseline,native_ycsb_c_read_zipf-s1-f0-standalone-r0-2f_top28:2f_top28,true,true,true,true,127.316,89.686,245.734,2414.988,0.14,124.401
portability,native_ycsb_c_read_zipf-s1-f0-standalone-r0-learned_markov_28,block3,native_ycsb_c_read_zipf,1,standalone,0,0,learned_markov_28,baseline,learned_markov_28,375,376,native_ycsb_c_read_zipf-s1-f0-standalone-r0-learned_markov_28:baseline,native_ycsb_c_read_zipf-s1-f0-standalone-r0-learned_markov_28:learned_markov_28,true,true,true,true,141.913,232.15,3197.667,389.23,0.13,127.947
portability,native_ycsb_c_read_zipf-s1-f0-standalone-r1-2f_top28,block3,native_ycsb_c_read_zipf,1,standalone,0,1,2f_top28,baseline,2f_top28,377,378,native_ycsb_c_read_zipf-s1-f0-standalone-r1-2f_top28:baseline,native_ycsb_c_read_zipf-s1-f0-standalone-r1-2f_top28:2f_top28,true,true,true,true,137.905,234.965,259.14,405.46,0.11,125.893
portability,native_ycsb_c_read_zipf-s1-f0-standalone-r1-learned_markov_28,block3,native_ycsb_c_read_zipf,1,standalone,0,1,learned_markov_28,baseline,learned_markov_28,379,380,native_ycsb_c_read_zipf-s1-f0-standalone-r1-learned_markov_28:baseline,native_ycsb_c_read_zipf-s1-f0-standalone-r1-learned_markov_28:learned_markov_28,true,true,true,true,143.376,76.091,3210.591,230.146,0.13,147.944
portability,native_ycsb_c_read_zipf-s1-f0-standalone-r2-2f_top28,block3,native_ycsb_c_read_zipf,1,standalone,0,2,2f_top28,2f_top28,baseline,382,381,native_ycsb_c_read_zipf-s1-f0-standalone-r2-2f_top28:baseline,native_ycsb_c_read_zipf-s1-f0-standalone-r2-2f_top28:2f_top28,true,true,true,true,732.225,89.035,630.968,2367.841,0.14,127.676
portability,native_ycsb_c_read_zipf-s1-f0-standalone-r2-learned_markov_28,block3,native_ycsb_c_read_zipf,1,standalone,0,2,learned_markov_28,learned_markov_28,baseline,384,383,native_ycsb_c_read_zipf-s1-f0-standalone-r2-learned_markov_28:baseline,native_ycsb_c_read_zipf-s1-f0-standalone-r2-learned_markov_28:learned_markov_28,true,true,true,true,283.034,97.43,407.304,2336.594,0.13,125.562
portability,native_ycsb_c_read_zipf-s2-f0-warm-r0-2f_top28,block3,native_ycsb_c_read_zipf,2,warm,0,0,2f_top28,2f_top28,baseline,386,385,native_ycsb_c_read_zipf-s2-f0-warm-r0-2f_top28:baseline,native_ycsb_c_read_zipf-s2-f0-warm-r0-2f_top28:2f_top28,true,true,true,true,214.296,2331.805,0.0,0.0,0.13,146.661
portability,native_ycsb_c_read_zipf-s2-f0-warm-r0-learned_markov_28,block3,native_ycsb_c_read_zipf,2,warm,0,0,learned_markov_28,learned_markov_28,baseline,388,387,native_ycsb_c_read_zipf-s2-f0-warm-r0-learned_markov_28:baseline,native_ycsb_c_read_zipf-s2-f0-warm-r0-learned_markov_28:learned_markov_28,true,true,true,true,858.128,2242.41,0.0,0.0,0.131,154.877
portability,native_ycsb_c_read_zipf-s2-f0-warm-r1-2f_top28,block3,native_ycsb_c_read_zipf,2,warm,0,1,2f_top28,2f_top28,baseline,390,389,native_ycsb_c_read_zipf-s2-f0-warm-r1-2f_top28:baseline,native_ycsb_c_read_zipf-s2-f0-warm-r1-2f_top28:2f_top28,true,true,true,true,347.644,2406.644,0.0,0.0,0.151,123.99
portability,native_ycsb_c_read_zipf-s2-f0-warm-r1-learned_markov_28,block3,native_ycsb_c_read_zipf,2,warm,0,1,learned_markov_28,baseline,learned_markov_28,391,392,native_ycsb_c_read_zipf-s2-f0-warm-r1-learned_markov_28:baseline,native_ycsb_c_read_zipf-s2-f0-warm-r1-learned_markov_28:learned_markov_28,true,true,true,true,3151.673,196.554,0.0,0.0,0.241,147.523
portability,native_ycsb_c_read_zipf-s2-f0-warm-r2-2f_top28,block3,native_ycsb_c_read_zipf,2,warm,0,2,2f_top28,baseline,2f_top28,393,394,native_ycsb_c_read_zipf-s2-f0-warm-r2-2f_top28:baseline,native_ycsb_c_read_zipf-s2-f0-warm-r2-2f_top28:2f_top28,true,true,true,true,3243.583,819.927,0.0,0.0,0.14,127.125
portability,native_ycsb_c_read_zipf-s2-f0-warm-r2-learned_markov_28,block3,native_ycsb_c_read_zipf,2,warm,0,2,learned_markov_28,learned_markov_28,baseline,396,395,native_ycsb_c_read_zipf-s2-f0-warm-r2-learned_markov_28:baseline,native_ycsb_c_read_zipf-s2-f0-warm-r2-learned_markov_28:learned_markov_28,true,true,true,true,214.657,2423.907,0.0,0.0,0.12,128.638
portability,native_ycsb_c_read_zipf-s2-f0-standalone-r0-2f_top28,block3,native_ycsb_c_read_zipf,2,standalone,0,0,2f_top28,2f_top28,baseline,398,397,native_ycsb_c_read_zipf-s2-f0-standalone-r0-2f_top28:baseline,native_ycsb_c_read_zipf-s2-f0-standalone-r0-2f_top28:2f_top28,true,true,true,true,275.47,141.982,383.961,2439.586,0.141,147.733
portability,native_ycsb_c_read_zipf-s2-f0-standalone-r0-learned_markov_28,block3,native_ycsb_c_read_zipf,2,standalone,0,0,learned_markov_28,baseline,learned_markov_28,399,400,native_ycsb_c_read_zipf-s2-f0-standalone-r0-learned_markov_28:baseline,native_ycsb_c_read_zipf-s2-f0-standalone-r0-learned_markov_28:learned_markov_28,true,true,true,true,146.632,725.563,3238.905,602.204,0.141,126.534
portability,native_ycsb_c_read_zipf-s2-f0-standalone-r1-2f_top28,block3,native_ycsb_c_read_zipf,2,standalone,0,1,2f_top28,baseline,2f_top28,401,402,native_ycsb_c_read_zipf-s2-f0-standalone-r1-2f_top28:baseline,native_ycsb_c_read_zipf-s2-f0-standalone-r1-2f_top28:2f_top28,true,true,true,true,159.866,125.302,3269.552,231.879,0.141,152.111
portability,native_ycsb_c_read_zipf-s2-f0-standalone-r1-learned_markov_28,block3,native_ycsb_c_read_zipf,2,standalone,0,1,learned_markov_28,learned_markov_28,baseline,404,403,native_ycsb_c_read_zipf-s2-f0-standalone-r1-learned_markov_28:baseline,native_ycsb_c_read_zipf-s2-f0-standalone-r1-learned_markov_28:learned_markov_28,true,true,true,true,298.172,139.999,408.626,2293.666,0.14,126.474
portability,native_ycsb_c_read_zipf-s2-f0-standalone-r2-2f_top28,block3,native_ycsb_c_read_zipf,2,standalone,0,2,2f_top28,2f_top28,baseline,406,405,native_ycsb_c_read_zipf-s2-f0-standalone-r2-2f_top28:baseline,native_ycsb_c_read_zipf-s2-f0-standalone-r2-2f_top28:2f_top28,true,true,true,true,742.404,154.035,631.799,2408.8,0.15,123.719
portability,native_ycsb_c_read_zipf-s2-f0-standalone-r2-learned_markov_28,block3,native_ycsb_c_read_zipf,2,standalone,0,2,learned_markov_28,learned_markov_28,baseline,408,407,native_ycsb_c_read_zipf-s2-f0-standalone-r2-learned_markov_28:baseline,native_ycsb_c_read_zipf-s2-f0-standalone-r2-learned_markov_28:learned_markov_28,true,true,true,true,296.429,300.466,405.381,393.689,0.15,125.312
portability,native_ycsb_c_read_zipf-s3-f0-warm-r0-2f_top28,block3,native_ycsb_c_read_zipf,3,warm,0,0,2f_top28,baseline,2f_top28,409,410,native_ycsb_c_read_zipf-s3-f0-warm-r0-2f_top28:baseline,native_ycsb_c_read_zipf-s3-f0-warm-r0-2f_top28:2f_top28,true,true,true,true,3173.775,305.025,0.0,0.0,0.14,129.139
portability,native_ycsb_c_read_zipf-s3-f0-warm-r0-learned_markov_28,block3,native_ycsb_c_read_zipf,3,warm,0,0,learned_markov_28,baseline,learned_markov_28,411,412,native_ycsb_c_read_zipf-s3-f0-warm-r0-learned_markov_28:baseline,native_ycsb_c_read_zipf-s3-f0-warm-r0-learned_markov_28:learned_markov_28,true,true,true,true,3236.211,773.281,0.0,0.0,0.13,129.37
portability,native_ycsb_c_read_zipf-s3-f0-warm-r1-2f_top28,block3,native_ycsb_c_read_zipf,3,warm,0,1,2f_top28,2f_top28,baseline,414,413,native_ycsb_c_read_zipf-s3-f0-warm-r1-2f_top28:baseline,native_ycsb_c_read_zipf-s3-f0-warm-r1-2f_top28:2f_top28,true,true,true,true,237.911,2285.271,0.0,0.0,0.13,131.042
portability,native_ycsb_c_read_zipf-s3-f0-warm-r1-learned_markov_28,block3,native_ycsb_c_read_zipf,3,warm,0,1,learned_markov_28,learned_markov_28,baseline,416,415,native_ycsb_c_read_zipf-s3-f0-warm-r1-learned_markov_28:baseline,native_ycsb_c_read_zipf-s3-f0-warm-r1-learned_markov_28:learned_markov_28,true,true,true,true,399.139,2312.151,0.0,0.0,0.13,123.158
portability,native_ycsb_c_read_zipf-s3-f0-warm-r2-2f_top28,block3,native_ycsb_c_read_zipf,3,warm,0,2,2f_top28,baseline,2f_top28,417,418,native_ycsb_c_read_zipf-s3-f0-warm-r2-2f_top28:baseline,native_ycsb_c_read_zipf-s3-f0-warm-r2-2f_top28:2f_top28,true,true,true,true,3265.707,244.051,0.0,0.0,0.12,134.299
portability,native_ycsb_c_read_zipf-s3-f0-warm-r2-learned_markov_28,block3,native_ycsb_c_read_zipf,3,warm,0,2,learned_markov_28,baseline,learned_markov_28,419,420,native_ycsb_c_read_zipf-s3-f0-warm-r2-learned_markov_28:baseline,native_ycsb_c_read_zipf-s3-f0-warm-r2-learned_markov_28:learned_markov_28,true,true,true,true,3192.511,309.644,0.0,0.0,0.14,124.441
portability,native_ycsb_c_read_zipf-s3-f0-standalone-r0-2f_top28,block3,native_ycsb_c_read_zipf,3,standalone,0,0,2f_top28,2f_top28,baseline,422,421,native_ycsb_c_read_zipf-s3-f0-standalone-r0-2f_top28:baseline,native_ycsb_c_read_zipf-s3-f0-standalone-r0-2f_top28:2f_top28,true,true,true,true,287.292,85.669,419.306,2387.31,0.141,127.356
portability,native_ycsb_c_read_zipf-s3-f0-standalone-r0-learned_markov_28,block3,native_ycsb_c_read_zipf,3,standalone,0,0,learned_markov_28,learned_markov_28,baseline,424,423,native_ycsb_c_read_zipf-s3-f0-standalone-r0-learned_markov_28:baseline,native_ycsb_c_read_zipf-s3-f0-standalone-r0-learned_markov_28:learned_markov_28,true,true,true,true,270.341,87.632,339.218,2399.042,0.15,127.867
portability,native_ycsb_c_read_zipf-s3-f0-standalone-r1-2f_top28,block3,native_ycsb_c_read_zipf,3,standalone,0,1,2f_top28,baseline,2f_top28,425,426,native_ycsb_c_read_zipf-s3-f0-standalone-r1-2f_top28:baseline,native_ycsb_c_read_zipf-s3-f0-standalone-r1-2f_top28:2f_top28,true,true,true,true,154.787,240.295,3233.968,401.724,0.12,124.15
portability,native_ycsb_c_read_zipf-s3-f0-standalone-r1-learned_markov_28,block3,native_ycsb_c_read_zipf,3,standalone,0,1,learned_markov_28,learned_markov_28,baseline,428,427,native_ycsb_c_read_zipf-s3-f0-standalone-r1-learned_markov_28:baseline,native_ycsb_c_read_zipf-s3-f0-standalone-r1-learned_markov_28:learned_markov_28,true,true,true,true,283.565,89.887,416.632,2462.51,0.13,126.925
portability,native_ycsb_c_read_zipf-s3-f0-standalone-r2-2f_top28,block3,native_ycsb_c_read_zipf,3,standalone,0,2,2f_top28,baseline,2f_top28,429,430,native_ycsb_c_read_zipf-s3-f0-standalone-r2-2f_top28:baseline,native_ycsb_c_read_zipf-s3-f0-standalone-r2-2f_top28:2f_top28,true,true,true,true,137.956,108.862,3199.956,300.176,0.13,133.497
portability,native_ycsb_c_read_zipf-s3-f0-standalone-r2-learned_markov_28,block3,native_ycsb_c_read_zipf,3,standalone,0,2,learned_markov_28,baseline,learned_markov_28,431,432,native_ycsb_c_read_zipf-s3-f0-standalone-r2-learned_markov_28:baseline,native_ycsb_c_read_zipf-s3-f0-standalone-r2-learned_markov_28:learned_markov_28,true,true,true,true,150.539,228.142,3227.036,402.315,0.141,126.264
portability,native_ycsb_c_read_uniform-s1-f0-warm-r0-2d,block4,native_ycsb_c_read_uniform,1,warm,0,0,2d,baseline,2d,433,434,native_ycsb_c_read_uniform-s1-f0-warm-r0-2d:baseline,native_ycsb_c_read_uniform-s1-f0-warm-r0-2d:2d,true,true,true,true,3160.072,321.776,0.0,0.0,0.131,477.174
portability,native_ycsb_c_read_uniform-s1-f0-warm-r1-2d,block4,native_ycsb_c_read_uniform,1,warm,0,1,2d,baseline,2d,435,436,native_ycsb_c_read_uniform-s1-f0-warm-r1-2d:baseline,native_ycsb_c_read_uniform-s1-f0-warm-r1-2d:2d,true,true,true,true,3258.865,313.391,0.0,0.0,0.14,394.11
portability,native_ycsb_c_read_uniform-s1-f0-warm-r2-2d,block4,native_ycsb_c_read_uniform,1,warm,0,2,2d,2d,baseline,438,437,native_ycsb_c_read_uniform-s1-f0-warm-r2-2d:baseline,native_ycsb_c_read_uniform-s1-f0-warm-r2-2d:2d,true,true,true,true,380.434,2124.594,0.0,0.0,0.14,396.775
portability,native_ycsb_c_read_uniform-s1-f0-standalone-r0-2d,block4,native_ycsb_c_read_uniform,1,standalone,0,0,2d,2d,baseline,440,439,native_ycsb_c_read_uniform-s1-f0-standalone-r0-2d:baseline,native_ycsb_c_read_uniform-s1-f0-standalone-r0-2d:2d,true,true,true,true,290.438,79.487,405.1,2162.184,0.12,392.727
portability,native_ycsb_c_read_uniform-s1-f0-standalone-r1-2d,block4,native_ycsb_c_read_uniform,1,standalone,0,1,2d,2d,baseline,442,441,native_ycsb_c_read_uniform-s1-f0-standalone-r1-2d:baseline,native_ycsb_c_read_uniform-s1-f0-standalone-r1-2d:2d,true,true,true,true,285.89,78.786,402.876,2223.177,0.12,394.13
portability,native_ycsb_c_read_uniform-s1-f0-standalone-r2-2d,block4,native_ycsb_c_read_uniform,1,standalone,0,2,2d,2d,baseline,444,443,native_ycsb_c_read_uniform-s1-f0-standalone-r2-2d:baseline,native_ycsb_c_read_uniform-s1-f0-standalone-r2-2d:2d,true,true,true,true,285.428,90.768,401.664,2188.323,0.12,400.041
portability,native_ycsb_c_hot_hashed_01-s1-f0-warm-r0-2d,block4,native_ycsb_c_hot_hashed_01,1,warm,0,0,2d,2d,baseline,446,445,native_ycsb_c_hot_hashed_01-s1-f0-warm-r0-2d:baseline,native_ycsb_c_hot_hashed_01-s1-f0-warm-r0-2d:2d,true,true,true,true,201.563,2090.832,0.0,0.0,0.12,392.006
portability,native_ycsb_c_hot_hashed_01-s1-f0-warm-r1-2d,block4,native_ycsb_c_hot_hashed_01,1,warm,0,1,2d,baseline,2d,447,448,native_ycsb_c_hot_hashed_01-s1-f0-warm-r1-2d:baseline,native_ycsb_c_hot_hashed_01-s1-f0-warm-r1-2d:2d,true,true,true,true,3226.957,323.289,0.0,0.0,0.13,465.021
portability,native_ycsb_c_hot_hashed_01-s1-f0-warm-r2-2d,block4,native_ycsb_c_hot_hashed_01,1,warm,0,2,2d,2d,baseline,450,449,native_ycsb_c_hot_hashed_01-s1-f0-warm-r2-2d:baseline,native_ycsb_c_hot_hashed_01-s1-f0-warm-r2-2d:2d,true,true,true,true,372.13,2099.99,0.0,0.0,0.14,397.005
portability,native_ycsb_c_hot_hashed_01-s1-f0-standalone-r0-2d,block4,native_ycsb_c_hot_hashed_01,1,standalone,0,0,2d,2d,baseline,452,451,native_ycsb_c_hot_hashed_01-s1-f0-standalone-r0-2d:baseline,native_ycsb_c_hot_hashed_01-s1-f0-standalone-r0-2d:2d,true,true,true,true,123.539,73.516,251.455,2210.825,0.12,390.594
portability,native_ycsb_c_hot_hashed_01-s1-f0-standalone-r1-2d,block4,native_ycsb_c_hot_hashed_01,1,standalone,0,1,2d,baseline,2d,453,454,native_ycsb_c_hot_hashed_01-s1-f0-standalone-r1-2d:baseline,native_ycsb_c_hot_hashed_01-s1-f0-standalone-r1-2d:2d,true,true,true,true,147.434,239.224,3216.518,402.586,0.141,468.458
portability,native_ycsb_c_hot_hashed_01-s1-f0-standalone-r2-2d,block4,native_ycsb_c_hot_hashed_01,1,standalone,0,2,2d,2d,baseline,456,455,native_ycsb_c_hot_hashed_01-s1-f0-standalone-r2-2d:baseline,native_ycsb_c_hot_hashed_01-s1-f0-standalone-r2-2d:2d,true,true,true,true,281.842,73.537,403.838,2169.329,0.14,394.25
portability,read_tail_mixed_20k-s1-f0-warm-r0-2d,block4,read_tail_mixed_20k,1,warm,0,0,2d,2d,baseline,458,457,read_tail_mixed_20k-s1-f0-warm-r0-2d:baseline,read_tail_mixed_20k-s1-f0-warm-r0-2d:2d,true,true,true,true,382.84,1950.873,0.0,0.0,0.14,425.889
portability,read_tail_mixed_20k-s1-f0-warm-r1-2d,block4,read_tail_mixed_20k,1,warm,0,1,2d,2d,baseline,460,459,read_tail_mixed_20k-s1-f0-warm-r1-2d:baseline,read_tail_mixed_20k-s1-f0-warm-r1-2d:2d,true,true,true,true,373.812,2136.919,0.0,0.0,0.13,400.331
portability,read_tail_mixed_20k-s1-f0-warm-r2-2d,block4,read_tail_mixed_20k,1,warm,0,2,2d,2d,baseline,462,461,read_tail_mixed_20k-s1-f0-warm-r2-2d:baseline,read_tail_mixed_20k-s1-f0-warm-r2-2d:2d,true,true,true,true,213.345,2083.741,0.0,0.0,0.141,395.703
portability,read_tail_mixed_20k-s1-f0-standalone-r0-2d,block4,read_tail_mixed_20k,1,standalone,0,0,2d,baseline,2d,463,464,read_tail_mixed_20k-s1-f0-standalone-r0-2d:baseline,read_tail_mixed_20k-s1-f0-standalone-r0-2d:2d,true,true,true,true,141.592,231.64,3188.406,406.703,0.221,491.741
portability,read_tail_mixed_20k-s1-f0-standalone-r1-2d,block4,read_tail_mixed_20k,1,standalone,0,1,2d,baseline,2d,465,466,read_tail_mixed_20k-s1-f0-standalone-r1-2d:baseline,read_tail_mixed_20k-s1-f0-standalone-r1-2d:2d,true,true,true,true,137.816,228.153,3278.223,405.03,0.121,477.545
portability,read_tail_mixed_20k-s1-f0-standalone-r2-2d,block4,read_tail_mixed_20k,1,standalone,0,2,2d,baseline,2d,467,468,read_tail_mixed_20k-s1-f0-standalone-r2-2d:baseline,read_tail_mixed_20k-s1-f0-standalone-r2-2d:2d,true,true,true,true,123.649,76.011,3190.431,244.252,0.14,441.167
