page_number,is_resident
1,0
2,1
3,0
4,0
5,0
6,0
7,0
8,0
9,0
10,0
11,0
12,0
13,0
14,0
15,0
16,0
17,0
18,0
19,0
20,0
21,0
22,0
23,0
24,0
25,0
26,0
27,0
28,0
29,0
30,0
31,0
32,0
25444,0
25445,0
25446,0
25447,0
25448,0
25449,0
25450,0
25451,0
25452,0
25453,0
25454,0
25455,0
25456,0
25457,0
25458,0
25459,0
25460,1
25461,1
25462,1
25463,0
25464,1
25465,1
25466,1
25467,1
25468,1
25469,1
25470,0
25471,1
25472,1
25473,1
25474,1
25475,0
25476,1
25477,1
25478,1
25479,0
25480,1
25481,1
25482,1
25483,1
25484,1
25485,1
25486,1
25487,0
25488,1
25489,1
25490,1
25491,0
25492,0
25493,0
25494,0
25495,0
25496,0
25497,0
25498,0
25499,0
25500,0
25501,0
25502,0
25503,0
25504,0
25505,0
25506,0
25507,0
25508,0
25509,0
25510,0
25511,0
25512,0
25513,0
25514,0
25515,0
25516,0
25517,0
25518,0
25519,0
25520,0
25521,0
25522,0
25523,0
25524,0
25525,0
25526,0
25527,0
25528,0
25529,0
25530,0
25531,0
25532,0
25533,0
25534,0
25535,0
25536,0
25537,0
25538,0
25539,0
25540,0
25541,0
25542,0
25543,0
25544,0
25545,0
25546,0
25547,0
25548,0
25549,0
25550,0
25551,0
25552,0
25553,0
25554,0
25555,0
25556,0
25557,0
25558,0
25559,0
25560,0
25561,0
25562,0
25563,0
25564,0
25565,0
25566,0
25567,0
25568,0
25569,0
25570,0
25571,0
25572,0
25573,0
25574,0
25577,0
25578,0
25579,0
25580,0
25581,0
25582,0
25583,0
25584,0
25585,0
25586,0
25587,0
25588,0
25589,0
25590,0
25591,0
25592,0
25593,0
25594,0
25595,0
25596,0
25597,0
25598,0
25599,0
25600,0
25601,0
25602,0
25603,0
25604,0
25605,0
25606,0
25607,0
25608,0
25609,0
25610,0
25611,0
25612,0
25613,0
25614,0
25615,0
25616,0
25617,0
25618,0
25619,0
25620,0
25621,0
25622,0
25623,0
25624,0
25625,0
25626,0
25627,0
25628,0
25629,0
25630,0
25631,0
25632,0
25633,0
25634,0
25635,0
25636,0
25637,0
25638,0
25639,0
25640,0
25641,0
25642,0
25643,0
25644,0
25645,0
25646,0
25647,0
25648,0
25649,0
25650,0
25651,0
25652,0
25653,0
25654,0
25655,0
25656,0
25657,0
25658,0
25659,0
25660,0
25661,0
25662,0
25663,0
25664,0
25665,0
25666,0
25667,0
25668,0
25669,0
25670,0
25671,0
25672,0
25673,0
25674,0
25675,0
25676,0
25677,0
25678,0
25679,0
25680,0
25681,0
25682,0
25683,0
25684,0
25685,0
25686,0
25687,0
25688,0
25689,0
25690,0
25691,0
25692,0
25693,0
25694,0
25695,0
25696,0
25697,0
25698,0
25699,0
25700,0
25701,0
25702,0
25703,0
25704,0
25705,0
25706,0
25707,0
25708,0
25709,0
25710,0
25711,0
25712,0
25713,0
25714,0
25715,0
25716,0
25717,0
25718,0
25719,0
25720,0
25721,0
25722,0
25723,0
25724,0
25725,0
25726,0
25727,0
25728,0
25729,0
25730,0
25731,0
25732,0
25733,0
25734,0
25735,0
25736,0
25737,0
25738,0
25739,0
25740,0
25741,0
25742,0
25743,0
25744,0
25745,0
25746,0
25747,0
25748,0
25749,0
25750,0
25751,0
25752,0
25753,0
25754,0
25755,0
25756,0
25757,0
25758,0
25759,0
25760,0
25761,0
25762,0
25763,0
25764,0
25765,0
25766,0
25767,0
25768,0
25769,0
25770,0
25771,0
25772,0
25773,0
25774,0
25775,0
25776,0
25777,0
25778,0
25779,0
25780,0
25781,0
25782,0
25783,0
25784,0
25785,0
25786,0
25787,0
25788,0
25789,0
25790,0
25791,0
25792,0
25793,0
25794,0
25795,0
25796,0
25797,0
25798,0
25799,0
25800,0
25801,0
25802,0
25803,0
25804,0
25805,0
25806,0
25807,0
25808,0
25809,0
25810,0
25811,0
25812,0
25813,0
25814,0
25815,0
25816,0
25817,0
25818,0
25819,0
25820,0
25821,0
25822,0
25823,0
25824,0
25825,0
25826,0
25827,0
25828,0
25829,0
25830,0
25831,0
25832,0
25833,0
25834,0
25835,0
25836,0
25837,0
25838,0
25839,0
25840,0
25841,0
25842,0
25843,0
25844,0
25845,0
25846,0
25847,0
25848,0
25849,0
25850,0
25851,0
25852,0
25853,0
25854,0
25855,0
25856,0
25857,0
25858,0
25859,0
25860,0
25861,0
25862,0
25863,0
25864,0
25865,0
25866,0
25867,0
25868,0
25869,0
25870,0
25871,0
25872,0
25873,0
25874,0
25875,0
25876,0
25877,0
25878,0
25879,0
25880,0
25881,0
25882,0
25883,0
25884,0
25885,0
25886,0
25887,0
25888,0
25889,0
25890,0
25891,0
25892,0
25893,0
25894,0
25895,0
25896,0
25897,0
25898,0
25899,0
25900,0
25901,0
25902,0
25903,0
25904,0
25905,0
25906,0
25907,0
25908,0
25909,0
25910,0
25911,0
25912,0
25913,0
25914,0
25915,0
25916,0
25917,0
25918,0
25919,0
25920,0
25921,0
25922,0
25923,0
25924,0
25925,0
25926,0
25927,0
25928,0
25929,0
25930,0
25931,0
25932,0
25933,0
25934,0
25935,0
25936,0
25937,0
25938,0
25939,0
25940,0
25941,0
25942,0
25943,0
25944,0
25945,0
25946,0
25947,0
25948,0
25949,0
25950,0
25951,0
25952,0
25953,0
25954,0
25955,0
25956,0
25957,0
25958,0
25959,0
25960,0
25961,0
25962,0
25963,0
25964,0
25965,0
25966,0
25967,0
25968,0
25969,0
25970,0
25971,0
25972,0
25973,0
25974,0
25975,0
25976,0
25977,0
25978,0
25979,0
25980,0
25981,0
25982,0
25983,0
25984,0
25985,0
25986,0
25987,0
25988,0
25989,0
25990,0
25991,0
25992,0
25993,0
25994,0
25995,0
25996,0
25997,0
25998,0
25999,0
26000,0
26001,0
26002,0
26003,0
26004,0
26005,0
26006,0
26007,1
26008,0
26009,0
26010,0
26011,0
26012,0
26013,0
26014,0
26015,0
26016,0
26017,0
26018,0
26019,0
26020,0
26021,0
26022,0
26023,0
26024,0
26025,0
26026,0
26027,0
26028,0
26029,0
26030,0
26031,0
26032,0
26033,0
26034,0
26035,0
26036,0
26037,0
26038,0
26039,0
26040,0
26041,0
26042,0
26043,0
26044,0
26045,0
26046,0
26047,0
26048,0
26049,0
26050,0
26051,0
26052,0
26053,0
26054,0
26055,0
26056,0
26057,0
26058,0
26059,0
26060,0
26061,0
26062,0
26063,0
26064,0
26065,0
26066,0
26067,0
26068,0
26069,0
26070,0
26071,0
26072,0
26073,0
26074,0
26075,0
26076,0
26077,0
26078,0
26079,0
26080,0
26081,0
26082,0
26083,0
26084,0
26085,0
26086,0
26087,0
26088,0
26089,0
26090,0
26091,0
26092,0
26093,0
26094,0
26095,0
26096,0
26097,0
26098,0
26099,0
26100,0
26101,0
26102,0
26103,0
26104,0
26105,0
26106,0
26107,0
26108,0
26109,0
26110,0
26111,0
26112,0
26113,0
26114,0
26115,0
26116,0
26117,0
26118,0
26119,0
26120,0
26121,0
26122,0
26123,0
26124,0
26125,0
26126,0
26127,0
26128,0
26129,0
26130,0
26131,0
26132,0
26133,0
26134,0
26135,0
26136,0
26137,0
26138,0
26139,0
26140,0
26141,0
26142,0
26143,0
26144,0
26145,0
26146,0
26147,0
26148,0
26149,0
26150,0
26151,0
26152,0
26153,0
26154,0
26155,0
26156,0
26157,0
26158,0
26159,0
26160,0
26161,0
26162,0
26163,0
26164,0
26165,0
26166,0
26167,0
26168,0
26169,0
26170,0
26171,0
26172,0
26173,0
26174,0
26175,0
26176,0
26177,0
26178,0
26179,0
26180,0
26181,0
26182,0
26183,0
26184,0
26185,0
26186,0
26187,0
26188,0
26189,0
26190,0
26191,0
26192,0
26193,0
26194,0
26195,0
26196,0
26197,0
26198,0
26199,0
26200,0
26201,0
26202,0
26203,0
26204,0
26205,0
26206,0
26207,0
26208,0
26209,0
26210,0
26211,0
26212,0
26213,0
26214,0
26215,0
26216,0
26217,0
26218,0
26219,0
26220,0
26221,0
26222,0
26223,0
26224,0
26225,0
26226,0
26227,0
26228,0
26229,0
26230,0
26231,0
26232,0
26233,0
26234,0
26235,0
26236,0
26237,0
26238,0
26239,0
26240,0
26241,0
26242,0
26243,0
26244,0
26245,0
26246,0
26247,0
26248,0
26249,0
26250,0
26251,0
26252,0
26253,0
26254,0
26255,0
26256,0
26257,0
26258,0
26259,0
26260,0
26261,0
26262,0
26263,0
26264,0
26265,0
26266,0
26267,0
26268,0
26269,0
26270,0
26271,0
26272,0
26273,0
26274,0
26275,0
26276,0
26277,0
26278,0
26279,0
26280,0
26281,0
26282,0
26283,0
26284,0
26285,0
26286,0
26287,0
26288,0
26289,0
26290,0
26291,0
26292,0
26293,0
26294,0
26295,0
26296,0
26297,0
26298,0
26299,0
26300,0
26301,0
26302,0
26303,0
26304,0
26305,0
26306,0
26307,0
26308,0
26309,0
26310,0
26311,0
26312,0
26313,0
26314,0
26315,0
26316,0
26317,0
26318,0
26319,0
26320,0
26321,0
26322,0
26323,0
26324,0
26325,0
26326,0
26327,0
26328,0
26329,0
26330,0
26331,0
