workload,db,strategy,arm,ra_kb,rep,warmup,cold_pct,delivery_pct,first_query_us,preproc_us,open_us,deliver_us,e2e_us,e2e_warm_us,avg_us,majflt,minflt,load,memavail_kb
A,orig,baseline,baseline,128,1,1,0.00,0.00,846.32,0.00,0.00,0.00,846.32,846.32,2.19,182.00,264.00,1.19,53142904
A,vacuum,baseline,baseline,128,1,1,0.00,0.00,1022.71,0.00,0.00,0.00,1022.71,1022.71,2.05,144.00,227.00,1.19,53146948
A,ta,baseline,baseline,128,1,1,0.00,0.00,742.21,0.00,0.00,0.00,742.21,742.21,2.22,180.00,268.00,1.19,53150084
B,orig,baseline,baseline,128,1,1,0.00,0.00,831.61,0.00,0.00,0.00,831.61,831.61,2.18,195.00,262.00,1.19,53146296
B,vacuum,baseline,baseline,128,1,1,0.00,0.00,1163.62,0.00,0.00,0.00,1163.62,1163.62,2.07,148.00,220.00,1.19,53147104
B,ta,baseline,baseline,128,1,1,0.00,0.00,1672.94,0.00,0.00,0.00,1672.94,1672.94,3.04,197.00,257.00,1.19,53152768
C,orig,baseline,baseline,128,1,1,0.00,0.00,929.51,0.00,0.00,0.00,929.51,929.51,1.60,18.00,35.00,1.19,53154212
C,vacuum,baseline,baseline,128,1,1,0.00,0.00,1134.02,0.00,0.00,0.00,1134.02,1134.02,1.53,17.00,27.00,1.19,53155484
C,ta,baseline,baseline,128,1,1,0.00,0.00,1003.82,0.00,0.00,0.00,1003.82,1003.82,1.60,19.00,36.00,1.19,53155820
A,orig,2e_K10,pread,128,1,1,0.00,100.00,185.88,2560.72,104.12,2456.60,2746.60,2642.48,2.15,181.00,287.00,1.19,53154092
A,orig,2e_K10,async,128,1,1,0.00,100.00,183.44,231.90,133.59,98.31,415.34,281.75,2.18,181.00,287.00,1.19,53154620
A,orig,2e_K500,pread,128,1,1,0.00,100.00,183.40,22342.98,69.65,22273.33,22526.38,22456.73,2.09,170.00,442.00,1.19,53153168
A,orig,2e_K500,async,128,1,1,0.00,100.00,184.89,1052.72,151.07,901.64,1237.61,1086.53,2.16,189.00,383.00,1.19,53149032
A,orig,2f_slru,pread,128,1,1,0.00,100.00,98.31,18360.91,69.13,18291.78,18459.22,18390.09,1.58,0.00,278.00,1.19,53149764
A,orig,2f_slru,async,128,1,1,0.00,100.00,97.91,7184.84,179.61,7005.23,7282.75,7103.14,1.59,0.00,278.00,1.18,53146704
A,vacuum,2e_K10,pread,128,1,1,0.00,100.00,188.88,2095.76,69.53,2026.23,2284.64,2215.11,2.03,137.00,247.00,1.18,53149908
A,vacuum,2e_K10,async,128,1,1,0.00,100.00,182.49,269.48,177.29,92.18,451.97,274.67,2.06,139.00,244.00,1.18,53150408
A,vacuum,2e_K500,pread,128,1,1,0.00,100.00,186.72,18283.42,63.16,18220.26,18470.14,18406.98,1.65,22.00,246.00,1.18,53150584
A,vacuum,2e_K500,async,128,1,1,0.00,100.00,181.60,1007.05,182.38,824.67,1188.65,1006.27,2.00,141.00,333.00,1.18,53151280
A,vacuum,2f_slru,pread,128,1,1,0.00,100.00,100.50,13253.94,68.77,13185.17,13354.44,13285.67,1.59,0.00,214.00,1.18,53141616
A,vacuum,2f_slru,async,128,1,1,0.00,100.00,95.73,5817.88,178.12,5639.76,5913.61,5735.49,1.57,0.00,214.00,1.18,53143708
A,ta,2e_K10,pread,128,1,1,0.00,100.00,179.93,1807.89,101.66,1706.23,1987.82,1886.16,2.09,179.00,281.00,1.18,53145972
A,ta,2e_K10,async,128,1,1,0.00,75.50,183.11,262.35,137.73,124.62,445.46,307.73,2.17,179.00,280.00,1.18,53145768
A,ta,2e_K500,pread,128,1,1,0.00,100.00,179.40,17802.47,102.65,17699.82,17981.87,17879.22,1.97,143.00,430.00,1.18,53146516
A,ta,2e_K500,async,128,1,1,0.00,11.80,192.19,870.47,131.22,739.25,1062.66,931.44,2.19,189.00,387.00,1.18,53134984
A,ta,2f_slru,pread,128,1,1,0.00,100.00,97.01,19257.57,148.61,19108.96,19354.58,19205.97,1.56,0.00,279.00,1.18,53138168
A,ta,2f_slru,async,128,1,1,0.00,100.00,96.84,7143.23,150.46,6992.77,7240.07,7089.61,1.58,0.00,279.00,1.18,53137588
B,orig,2e_K10,pread,128,1,1,0.00,100.00,573.92,2577.21,182.80,2394.41,3151.13,2968.33,2.22,195.00,273.00,1.18,53138832
B,orig,2e_K10,async,128,1,1,0.00,100.00,564.93,277.53,179.79,97.74,842.46,662.67,2.23,197.00,269.00,1.18,53139280
B,orig,2e_K500,pread,128,1,1,0.00,100.00,509.64,19405.95,68.48,19337.47,19915.59,19847.11,1.97,122.00,350.00,1.18,53139864
B,orig,2e_K500,async,128,1,1,0.00,100.00,492.98,1018.79,186.48,832.31,1511.77,1325.29,2.17,190.00,338.00,1.16,53140736
B,orig,2f_slru,pread,128,1,1,0.00,100.00,96.39,17633.26,69.19,17564.08,17729.65,17660.47,1.58,0.00,278.00,1.16,53141368
B,orig,2f_slru,async,128,1,1,0.00,100.00,99.67,7286.31,180.86,7105.45,7385.98,7205.12,1.63,0.00,278.00,1.16,53138056
B,vacuum,2e_K10,pread,128,1,1,0.00,100.00,578.49,1971.63,68.39,1903.25,2550.12,2481.74,2.07,145.00,230.00,1.16,53140368
B,vacuum,2e_K10,async,128,1,1,0.00,100.00,545.19,270.14,181.31,88.83,815.33,634.02,2.22,145.00,229.00,1.16,53142336
B,vacuum,2e_K500,pread,128,1,1,0.00,100.00,594.31,13932.88,67.62,13865.26,14527.19,14459.57,1.89,103.00,356.00,1.16,53140332
B,vacuum,2e_K500,async,128,1,1,0.00,87.50,538.11,991.68,145.35,846.33,1529.79,1384.44,2.11,143.00,287.00,1.16,53141744
B,vacuum,2f_slru,pread,128,1,1,0.00,100.00,96.35,13696.82,68.56,13628.26,13793.17,13724.61,1.58,0.00,214.00,1.16,53143976
B,vacuum,2f_slru,async,128,1,1,0.00,100.00,98.73,5499.60,181.06,5318.54,5598.33,5417.27,1.63,0.00,214.00,1.16,53141680
B,ta,2e_K10,pread,128,1,1,0.00,100.00,485.01,1910.20,116.96,1793.24,2395.21,2278.25,2.25,195.00,259.00,1.16,53141196
B,ta,2e_K10,async,128,1,1,0.00,100.00,483.93,263.68,144.56,119.11,747.61,603.04,2.21,196.00,257.00,1.16,53143560
B,ta,2e_K500,pread,128,1,1,0.00,100.00,180.99,22190.21,98.67,22091.54,22371.20,22272.53,1.73,28.00,295.00,1.16,53144196
B,ta,2e_K500,async,128,1,1,0.00,40.00,479.46,860.49,130.62,729.86,1339.95,1209.32,2.17,188.00,324.00,1.16,53142760
B,ta,2f_slru,pread,128,1,1,0.00,100.00,103.52,17358.89,67.73,17291.16,17462.41,17394.68,1.61,0.00,279.00,1.16,53136684
B,ta,2f_slru,async,128,1,1,0.00,100.00,95.18,7239.86,179.64,7060.23,7335.04,7155.41,1.64,0.00,279.00,1.16,53147464
C,orig,2e_K10,pread,128,1,1,0.00,100.00,567.75,1223.20,68.69,1154.51,1790.95,1722.26,1.60,17.00,41.00,1.16,53150968
C,orig,2e_K10,async,128,1,1,0.00,100.00,590.27,260.82,185.39,75.43,851.09,665.70,1.62,18.00,40.00,1.16,53150504
C,orig,2e_K500,pread,128,1,1,0.00,100.00,177.67,2185.58,67.93,2117.65,2363.25,2295.32,1.53,0.00,37.00,1.15,53151476
C,orig,2e_K500,async,128,1,1,0.00,67.50,180.11,656.60,182.37,474.23,836.71,654.34,1.52,0.00,37.00,1.15,53152564
C,orig,2f_slru,pread,128,1,1,0.00,100.00,88.82,2549.61,63.22,2486.39,2638.43,2575.21,1.53,0.00,37.00,1.15,53152752
C,orig,2f_slru,async,128,1,1,0.00,100.00,97.92,894.63,168.57,726.07,992.55,823.99,1.56,0.00,37.00,1.15,53152464
C,vacuum,2e_K10,pread,128,1,1,0.00,100.00,401.00,1141.79,74.54,1067.25,1542.79,1468.25,1.52,16.00,34.00,1.15,53152996
C,vacuum,2e_K10,async,128,1,1,0.00,100.00,527.77,152.83,74.13,78.70,680.60,606.47,1.54,16.00,33.00,1.15,53153672
C,vacuum,2e_K500,pread,128,1,1,0.00,100.00,176.09,2487.00,180.48,2306.53,2663.09,2482.62,1.48,0.00,30.00,1.15,53153640
C,vacuum,2e_K500,async,128,1,1,0.00,60.40,180.95,627.15,178.08,449.06,808.10,630.01,1.48,0.00,30.00,1.15,53153904
C,vacuum,2f_slru,pread,128,1,1,0.00,100.00,89.73,3193.69,179.77,3013.92,3283.42,3103.65,1.47,0.00,30.00,1.15,53155280
C,vacuum,2f_slru,async,128,1,1,0.00,100.00,92.21,766.49,180.09,586.40,858.70,678.61,1.47,0.00,30.00,1.15,53154096
C,ta,2e_K10,pread,128,1,1,0.00,100.00,551.55,1433.41,133.92,1299.49,1984.96,1851.04,1.62,17.00,39.00,1.15,53154208
C,ta,2e_K10,async,128,1,1,0.00,100.00,580.00,260.30,134.00,126.30,840.30,706.30,1.60,18.00,39.00,1.15,53155180
C,ta,2e_K500,pread,128,1,1,0.00,100.00,175.97,3439.46,135.25,3304.21,3615.43,3480.18,1.54,0.00,38.00,1.15,53158168
C,ta,2e_K500,async,128,1,1,0.00,100.00,184.25,722.30,137.55,584.75,906.55,769.00,1.56,0.00,38.00,1.15,53156264
C,ta,2f_slru,pread,128,1,1,0.00,100.00,91.13,6345.61,138.17,6207.44,6436.74,6298.57,1.57,0.00,38.00,1.15,53159544
C,ta,2f_slru,async,128,1,1,0.00,100.00,94.79,970.64,137.93,832.72,1065.43,927.51,1.53,0.00,38.00,1.15,53161184
A,orig,baseline,baseline,128,2,0,0.00,0.00,879.63,0.00,0.00,0.00,879.63,879.63,2.11,182.00,264.00,1.15,53160992
A,vacuum,baseline,baseline,128,2,0,0.00,0.00,1083.72,0.00,0.00,0.00,1083.72,1083.72,2.01,144.00,227.00,1.15,53159884
A,ta,baseline,baseline,128,2,0,0.00,0.00,732.91,0.00,0.00,0.00,732.91,732.91,2.18,180.00,268.00,1.22,53148268
B,orig,baseline,baseline,128,2,0,0.00,0.00,936.30,0.00,0.00,0.00,936.30,936.30,2.23,195.00,262.00,1.22,53157548
B,vacuum,baseline,baseline,128,2,0,0.00,0.00,1195.46,0.00,0.00,0.00,1195.46,1195.46,2.04,148.00,220.00,1.22,53157704
B,ta,baseline,baseline,128,2,0,0.00,0.00,949.57,0.00,0.00,0.00,949.57,949.57,2.21,197.00,257.00,1.22,53159300
C,orig,baseline,baseline,128,2,0,0.00,0.00,968.93,0.00,0.00,0.00,968.93,968.93,1.58,18.00,35.00,1.22,53160428
C,vacuum,baseline,baseline,128,2,0,0.00,0.00,1127.13,0.00,0.00,0.00,1127.13,1127.13,1.52,17.00,27.00,1.22,53159992
C,ta,baseline,baseline,128,2,0,0.00,0.00,1005.66,0.00,0.00,0.00,1005.66,1005.66,1.60,19.00,36.00,1.22,53160608
A,orig,2e_K10,pread,128,2,0,0.00,100.00,176.61,2551.45,136.16,2415.30,2728.06,2591.91,2.13,181.00,287.00,1.22,53160312
A,orig,2e_K10,async,128,2,0,0.00,100.00,173.77,240.86,143.15,97.71,414.63,271.48,2.15,181.00,287.00,1.22,53159844
A,orig,2e_K500,pread,128,2,0,0.00,100.00,180.34,21591.68,143.49,21448.19,21772.02,21628.53,2.05,170.00,443.00,1.22,53159812
A,orig,2e_K500,async,128,2,0,0.00,100.00,182.82,999.61,142.88,856.73,1182.43,1039.55,2.14,189.00,389.00,1.22,53160388
A,orig,2f_slru,pread,128,2,0,0.00,100.00,96.87,30730.66,206.82,30523.84,30827.53,30620.71,1.56,0.00,278.00,1.22,53160640
A,orig,2f_slru,async,128,2,0,0.00,100.00,96.62,7248.81,142.43,7106.38,7345.43,7203.00,1.55,0.00,278.00,1.22,53157108
A,vacuum,2e_K10,pread,128,2,0,0.00,100.00,182.09,2105.79,142.59,1963.20,2287.88,2145.29,2.00,137.00,247.00,1.22,53159860
A,vacuum,2e_K10,async,128,2,0,0.00,100.00,179.06,234.45,143.31,91.14,413.51,270.20,2.02,139.00,244.00,1.22,53159740
A,vacuum,2e_K500,pread,128,2,0,0.00,100.00,182.71,18787.50,143.18,18644.33,18970.21,18827.04,1.61,22.00,245.00,1.22,53160080
A,vacuum,2e_K500,async,128,2,0,0.00,100.00,180.86,1018.65,143.79,874.86,1199.51,1055.72,2.00,141.00,336.00,1.20,53160252
A,vacuum,2f_slru,pread,128,2,0,0.00,100.00,95.46,14194.89,142.69,14052.20,14290.35,14147.66,1.54,0.00,214.00,1.20,53160824
A,vacuum,2f_slru,async,128,2,0,0.00,100.00,96.46,5568.63,141.15,5427.49,5665.09,5523.95,1.56,0.00,214.00,1.20,53161904
A,ta,2e_K10,pread,128,2,0,0.00,100.00,181.51,1872.95,144.10,1728.85,2054.46,1910.36,2.19,179.00,281.00,1.20,53161276
A,ta,2e_K10,async,128,2,0,0.00,75.50,173.92,261.95,141.46,120.50,435.87,294.42,2.13,179.00,280.00,1.20,53157832
A,ta,2e_K500,pread,128,2,0,0.00,100.00,182.63,56839.86,146.53,56693.33,57022.49,56875.96,1.99,143.00,430.00,1.20,53160472
A,ta,2e_K500,async,128,2,0,0.00,11.80,564.75,874.52,143.50,731.02,1439.27,1295.77,2.16,189.00,386.00,1.20,53160196
A,ta,2f_slru,pread,128,2,0,0.00,100.00,95.83,17602.82,143.39,17459.43,17698.65,17555.26,1.57,0.00,279.00,1.20,53165212
A,ta,2f_slru,async,128,2,0,0.00,100.00,95.82,7226.12,142.08,7084.04,7321.94,7179.86,1.58,0.00,279.00,1.20,53162444
B,orig,2e_K10,pread,128,2,0,0.00,100.00,544.01,2564.64,140.57,2424.07,3108.65,2968.08,2.24,195.00,272.00,1.20,53166572
B,orig,2e_K10,async,128,2,0,0.00,100.00,547.39,240.90,144.37,96.53,788.29,643.92,2.27,197.00,269.00,1.20,53166664
B,orig,2e_K500,pread,128,2,0,0.00,100.00,495.33,19187.84,143.72,19044.12,19683.17,19539.45,2.02,122.00,348.00,1.20,53166068
B,orig,2e_K500,async,128,2,0,0.00,100.00,495.31,989.79,143.76,846.03,1485.10,1341.34,2.20,190.00,338.00,1.20,53167140
B,orig,2f_slru,pread,128,2,0,0.00,100.00,105.33,18266.79,142.11,18124.68,18372.12,18230.01,1.62,0.00,278.00,1.20,53168208
B,orig,2f_slru,async,128,2,0,0.00,100.00,97.32,7168.75,141.49,7027.27,7266.07,7124.59,1.62,0.00,278.00,1.20,53164820
B,vacuum,2e_K10,pread,128,2,0,0.00,100.00,542.56,2168.57,147.24,2021.33,2711.13,2563.89,2.10,145.00,230.00,1.20,53167248
B,vacuum,2e_K10,async,128,2,0,0.00,100.00,540.59,231.30,141.67,89.64,771.89,630.23,2.05,145.00,229.00,1.27,53166696
B,vacuum,2e_K500,pread,128,2,0,0.00,100.00,592.02,13432.76,142.71,13290.05,14024.78,13882.07,1.88,103.00,357.00,1.27,53166620
B,vacuum,2e_K500,async,128,2,0,0.00,9.60,788.66,876.99,142.53,734.46,1665.65,1523.12,2.05,143.00,289.00,1.27,53166620
B,vacuum,2f_slru,pread,128,2,0,0.00,100.00,93.07,13548.97,140.24,13408.73,13642.04,13501.80,1.59,0.00,214.00,1.27,53167924
B,vacuum,2f_slru,async,128,2,0,0.00,100.00,95.22,5499.35,147.83,5351.52,5594.57,5446.74,1.63,0.00,214.00,1.27,53167868
B,ta,2e_K10,pread,128,2,0,0.00,100.00,477.03,2063.61,144.24,1919.37,2540.64,2396.40,2.26,195.00,259.00,1.27,53167184
B,ta,2e_K10,async,128,2,0,0.00,100.00,476.62,261.21,141.57,119.64,737.83,596.26,2.22,196.00,257.00,1.27,53167332
B,ta,2e_K500,pread,128,2,0,0.00,100.00,179.94,17517.27,139.66,17377.60,17697.21,17557.54,1.75,28.00,295.00,1.27,53159228
B,ta,2e_K500,async,128,2,0,0.00,40.00,478.49,864.22,143.62,720.60,1342.71,1199.09,2.20,188.00,325.00,1.27,53160104
B,ta,2f_slru,pread,128,2,0,0.00,100.00,95.96,17707.19,168.59,17538.61,17803.15,17634.57,1.59,0.00,279.00,1.27,53161156
B,ta,2f_slru,async,128,2,0,0.00,100.00,98.22,7269.23,172.20,7097.03,7367.45,7195.25,1.63,0.00,279.00,1.27,53158696
C,orig,2e_K10,pread,128,2,0,0.00,100.00,502.40,1274.26,131.24,1143.02,1776.66,1645.42,1.59,17.00,41.00,1.27,53162592
C,orig,2e_K10,async,128,2,0,0.00,100.00,587.48,212.26,133.12,79.14,799.74,666.62,1.61,18.00,40.00,1.27,53162156
C,orig,2e_K500,pread,128,2,0,0.00,100.00,179.55,2308.13,131.32,2176.81,2487.68,2356.36,1.52,0.00,37.00,1.27,53161720
C,orig,2e_K500,async,128,2,0,0.00,67.50,178.31,613.57,129.28,484.29,791.88,662.60,1.54,0.00,37.00,1.27,53162120
C,orig,2f_slru,pread,128,2,0,0.00,100.00,90.68,2538.15,130.31,2407.84,2628.83,2498.52,1.55,0.00,37.00,1.27,53163192
C,orig,2f_slru,async,128,2,0,0.00,100.00,93.31,869.58,130.96,738.63,962.89,831.94,1.52,0.00,37.00,1.27,53164256
C,vacuum,2e_K10,pread,128,2,0,0.00,100.00,536.85,1138.88,70.07,1068.81,1675.73,1605.66,1.52,16.00,34.00,1.27,53164332
C,vacuum,2e_K10,async,128,2,0,0.00,100.00,525.68,147.52,70.31,77.21,673.20,602.89,1.54,16.00,33.00,1.24,53163676
C,vacuum,2e_K500,pread,128,2,0,0.00,100.00,178.82,2181.07,174.53,2006.54,2359.89,2185.36,1.49,0.00,30.00,1.24,53164692
C,vacuum,2e_K500,async,128,2,0,0.00,47.90,178.43,617.62,176.83,440.79,796.05,619.22,1.48,0.00,30.00,1.24,53164480
C,vacuum,2f_slru,pread,128,2,0,0.00,100.00,90.95,2937.97,173.55,2764.42,3028.92,2855.37,1.47,0.00,30.00,1.24,53164412
C,vacuum,2f_slru,async,128,2,0,0.00,100.00,90.75,755.39,173.16,582.23,846.14,672.98,1.48,0.00,30.00,1.24,53165204
C,ta,2e_K10,pread,128,2,0,0.00,100.00,547.98,1470.33,174.48,1295.86,2018.31,1843.84,1.59,17.00,39.00,1.24,53165884
C,ta,2e_K10,async,128,2,0,0.00,70.70,576.95,298.60,172.72,125.89,875.55,702.84,1.59,18.00,39.00,1.24,53166300
C,ta,2e_K500,pread,128,2,0,0.00,100.00,181.28,3327.57,176.78,3150.79,3508.85,3332.07,1.53,0.00,38.00,1.24,53165952
C,ta,2e_K500,async,128,2,0,0.00,100.00,180.03,741.36,172.42,568.94,921.39,748.97,1.55,0.00,38.00,1.24,53167200
C,ta,2f_slru,pread,128,2,0,0.00,100.00,96.73,3954.96,172.24,3782.72,4051.69,3879.45,1.54,0.00,38.00,1.24,53166600
C,ta,2f_slru,async,128,2,0,0.00,100.00,92.01,1012.26,187.70,824.56,1104.27,916.57,1.54,0.00,38.00,1.24,53168472
A,orig,baseline,baseline,128,3,0,0.00,0.00,867.27,0.00,0.00,0.00,867.27,867.27,2.11,182.00,264.00,1.24,53150788
A,vacuum,baseline,baseline,128,3,0,0.00,0.00,1083.26,0.00,0.00,0.00,1083.26,1083.26,2.01,144.00,227.00,1.24,53152096
A,ta,baseline,baseline,128,3,0,0.00,0.00,760.13,0.00,0.00,0.00,760.13,760.13,2.15,180.00,268.00,1.24,53151412
B,orig,baseline,baseline,128,3,0,0.00,0.00,940.71,0.00,0.00,0.00,940.71,940.71,2.20,195.00,262.00,1.24,53153444
B,vacuum,baseline,baseline,128,3,0,0.00,0.00,1209.66,0.00,0.00,0.00,1209.66,1209.66,2.06,148.00,220.00,1.24,53153568
B,ta,baseline,baseline,128,3,0,0.00,0.00,960.79,0.00,0.00,0.00,960.79,960.79,2.19,197.00,257.00,1.24,53153316
C,orig,baseline,baseline,128,3,0,0.00,0.00,958.75,0.00,0.00,0.00,958.75,958.75,1.57,18.00,35.00,1.22,53153908
C,vacuum,baseline,baseline,128,3,0,0.00,0.00,1144.95,0.00,0.00,0.00,1144.95,1144.95,1.52,17.00,27.00,1.22,53153596
C,ta,baseline,baseline,128,3,0,0.00,0.00,1019.17,0.00,0.00,0.00,1019.17,1019.17,1.59,19.00,36.00,1.22,53154924
A,orig,2e_K10,pread,128,3,0,0.00,100.00,174.77,2594.14,141.38,2452.77,2768.91,2627.54,2.14,181.00,287.00,1.22,53153936
A,orig,2e_K10,async,128,3,0,0.00,100.00,178.96,235.75,139.89,95.86,414.71,274.82,2.11,181.00,287.00,1.22,53154584
A,orig,2e_K500,pread,128,3,0,0.00,100.00,182.42,22123.91,143.36,21980.56,22306.33,22162.98,2.06,170.00,442.00,1.22,53153788
A,orig,2e_K500,async,128,3,0,0.00,100.00,179.23,988.85,140.69,848.15,1168.08,1027.38,2.12,189.00,383.00,1.22,53154208
A,orig,2f_slru,pread,128,3,0,0.00,100.00,94.76,18662.76,140.22,18522.54,18757.52,18617.30,1.54,0.00,278.00,1.22,53156152
A,orig,2f_slru,async,128,3,0,0.00,100.00,98.81,7192.94,142.40,7050.54,7291.75,7149.35,1.57,0.00,278.00,1.22,53153452
A,vacuum,2e_K10,pread,128,3,0,0.00,100.00,178.81,2152.08,137.18,2014.91,2330.89,2193.72,1.98,137.00,247.00,1.22,53155992
A,vacuum,2e_K10,async,128,3,0,0.00,100.00,178.25,225.64,137.51,88.14,403.89,266.39,2.01,139.00,244.00,1.22,53157296
A,vacuum,2e_K500,pread,128,3,0,0.00,100.00,181.40,19245.61,142.31,19103.30,19427.01,19284.70,1.62,22.00,245.00,1.22,53156844
A,vacuum,2e_K500,async,128,3,0,0.00,100.00,185.17,990.58,143.77,846.81,1175.75,1031.98,2.02,141.00,335.00,1.22,53157236
A,vacuum,2f_slru,pread,128,3,0,0.00,100.00,98.31,14287.50,141.58,14145.92,14385.81,14244.23,1.54,0.00,214.00,1.22,53158696
A,vacuum,2f_slru,async,128,3,0,0.00,100.00,93.90,5650.33,143.80,5506.53,5744.23,5600.43,1.59,0.00,214.00,1.22,53149904
A,ta,2e_K10,pread,128,3,0,0.00,100.00,180.74,1901.61,145.54,1756.07,2082.35,1936.81,2.17,179.00,281.00,1.22,53150008
A,ta,2e_K10,async,128,3,0,0.00,98.10,179.18,265.70,143.42,122.28,444.88,301.46,2.13,179.00,280.00,1.22,53149704
A,ta,2e_K500,pread,128,3,0,0.00,100.00,179.89,18030.22,147.46,17882.76,18210.11,18062.65,1.98,143.00,430.00,1.21,53151384
A,ta,2e_K500,async,128,3,0,0.00,14.70,190.31,900.79,142.83,757.96,1091.10,948.27,2.15,189.00,386.00,1.21,53150520
A,ta,2f_slru,pread,128,3,0,0.00,100.00,98.67,17846.27,141.04,17705.22,17944.94,17803.89,1.55,0.00,279.00,1.21,53151648
A,ta,2f_slru,async,128,3,0,0.00,100.00,98.64,7186.01,143.62,7042.39,7284.65,7141.03,1.57,0.00,279.00,1.21,53151136
B,orig,2e_K10,pread,128,3,0,0.00,100.00,502.92,2681.09,141.83,2539.26,3184.01,3042.18,2.21,195.00,273.00,1.21,53151692
B,orig,2e_K10,async,128,3,0,0.00,100.00,544.30,241.14,142.17,98.98,785.44,643.28,2.21,197.00,269.00,1.21,53151964
B,orig,2e_K500,pread,128,3,0,0.00,100.00,494.52,19548.23,144.40,19403.83,20042.75,19898.35,1.96,122.00,347.00,1.21,53153288
B,orig,2e_K500,async,128,3,0,0.00,100.00,558.79,1017.15,142.89,874.26,1575.94,1433.05,2.20,190.00,337.00,1.21,53153724
B,orig,2f_slru,pread,128,3,0,0.00,100.00,94.78,18406.91,144.10,18262.81,18501.69,18357.59,1.55,0.00,278.00,1.21,53153772
B,orig,2f_slru,async,128,3,0,0.00,100.00,96.98,7242.69,141.96,7100.73,7339.67,7197.71,1.62,0.00,278.00,1.21,53151176
B,vacuum,2e_K10,pread,128,3,0,0.00,100.00,597.80,2193.84,143.02,2050.82,2791.64,2648.62,2.05,145.00,230.00,1.21,53155324
B,vacuum,2e_K10,async,128,3,0,0.00,100.00,615.69,235.93,143.87,92.06,851.62,707.75,2.03,145.00,229.00,1.21,53156312
B,vacuum,2e_K500,pread,128,3,0,0.00,100.00,576.76,13526.45,142.78,13383.67,14103.21,13960.43,1.90,103.00,357.00,1.21,53156596
B,vacuum,2e_K500,async,128,3,0,0.00,7.00,702.26,850.25,143.03,707.22,1552.51,1409.48,2.04,143.00,289.00,1.21,53155984
B,vacuum,2f_slru,pread,128,3,0,0.00,100.00,95.73,13441.70,143.94,13297.76,13537.43,13393.49,1.58,0.00,214.00,1.21,53156952
B,vacuum,2f_slru,async,128,3,0,0.00,100.00,97.14,5505.78,143.80,5361.98,5602.92,5459.12,1.62,0.00,214.00,1.21,53155552
B,ta,2e_K10,pread,128,3,0,0.00,100.00,488.17,1981.08,142.26,1838.83,2469.25,2327.00,2.22,195.00,259.00,1.27,53155356
B,ta,2e_K10,async,128,3,0,0.00,56.00,479.37,262.69,142.41,120.29,742.06,599.66,2.22,196.00,257.00,1.27,53155616
B,ta,2e_K500,pread,128,3,0,0.00,100.00,183.08,18191.47,142.92,18048.56,18374.55,18231.64,1.70,28.00,295.00,1.27,53156060
B,ta,2e_K500,async,128,3,0,0.00,33.70,498.82,883.70,142.86,740.84,1382.52,1239.66,2.17,188.00,325.00,1.27,53156852
B,ta,2f_slru,pread,128,3,0,0.00,100.00,96.72,16953.01,170.05,16782.96,17049.73,16879.68,1.59,0.00,279.00,1.27,53157812
B,ta,2f_slru,async,128,3,0,0.00,100.00,97.67,7230.34,171.60,7058.73,7328.01,7156.40,1.61,0.00,279.00,1.27,53155352
C,orig,2e_K10,pread,128,3,0,0.00,100.00,565.00,1384.12,175.03,1209.09,1949.12,1774.09,1.61,17.00,41.00,1.27,53158944
C,orig,2e_K10,async,128,3,0,0.00,100.00,580.20,251.75,173.21,78.55,831.95,658.75,1.59,18.00,40.00,1.27,53158932
C,orig,2e_K500,pread,128,3,0,0.00,100.00,179.55,2540.84,176.57,2364.26,2720.39,2543.81,1.51,0.00,37.00,1.27,53159444
C,orig,2e_K500,async,128,3,0,0.00,48.50,179.00,658.11,175.27,482.84,837.11,661.84,1.54,0.00,37.00,1.27,53159728
C,orig,2f_slru,pread,128,3,0,0.00,100.00,93.61,2745.82,173.10,2572.72,2839.43,2666.33,1.54,0.00,37.00,1.27,53160896
C,orig,2f_slru,async,128,3,0,0.00,100.00,93.11,873.85,172.88,700.98,966.96,794.09,1.53,0.00,37.00,1.27,53161000
C,vacuum,2e_K10,pread,128,3,0,0.00,100.00,540.94,1190.27,74.66,1115.61,1731.21,1656.55,1.53,16.00,34.00,1.27,53160416
C,vacuum,2e_K10,async,128,3,0,0.00,92.90,538.04,145.94,69.23,76.71,683.98,614.75,1.53,16.00,33.00,1.27,53160644
C,vacuum,2e_K500,pread,128,3,0,0.00,100.00,177.28,2405.78,170.06,2235.72,2583.06,2413.00,1.49,0.00,30.00,1.27,53161532
C,vacuum,2e_K500,async,128,3,0,0.00,57.40,182.39,613.14,174.72,438.42,795.53,620.81,1.49,0.00,30.00,1.27,53161496
C,vacuum,2f_slru,pread,128,3,0,0.00,100.00,95.82,3231.01,171.50,3059.51,3326.83,3155.33,1.46,0.00,30.00,1.27,53160936
C,vacuum,2f_slru,async,128,3,0,0.00,100.00,93.06,734.22,171.32,562.90,827.28,655.96,1.48,0.00,30.00,1.27,53160728
C,ta,2e_K10,pread,128,3,0,0.00,100.00,549.82,1638.80,169.83,1468.97,2188.62,2018.79,1.59,17.00,39.00,1.25,53162624
C,ta,2e_K10,async,128,3,0,0.00,70.70,573.86,292.94,168.68,124.26,866.80,698.12,1.59,18.00,39.00,1.25,53162420
C,ta,2e_K500,pread,128,3,0,0.00,100.00,182.00,3724.84,177.93,3546.91,3906.84,3728.91,1.54,0.00,38.00,1.25,53162404
C,ta,2e_K500,async,128,3,0,0.00,100.00,180.94,734.99,168.59,566.40,915.93,747.34,1.55,0.00,38.00,1.25,53162392
C,ta,2f_slru,pread,128,3,0,0.00,100.00,97.59,3572.13,169.32,3402.81,3669.72,3500.40,1.53,0.00,38.00,1.25,53159404
C,ta,2f_slru,async,128,3,0,0.00,100.00,97.44,1000.29,170.00,830.29,1097.73,927.73,1.57,0.00,38.00,1.25,53160048
A,orig,baseline,baseline,128,4,0,0.00,0.00,900.59,0.00,0.00,0.00,900.59,900.59,2.11,182.00,264.00,1.25,53160396
A,vacuum,baseline,baseline,128,4,0,0.00,0.00,1084.53,0.00,0.00,0.00,1084.53,1084.53,1.99,144.00,227.00,1.25,53159324
A,ta,baseline,baseline,128,4,0,0.00,0.00,756.35,0.00,0.00,0.00,756.35,756.35,2.12,180.00,268.00,1.25,53159176
B,orig,baseline,baseline,128,4,0,0.00,0.00,999.50,0.00,0.00,0.00,999.50,999.50,2.19,195.00,262.00,1.25,53159360
B,vacuum,baseline,baseline,128,4,0,0.00,0.00,1205.73,0.00,0.00,0.00,1205.73,1205.73,2.06,148.00,220.00,1.25,53159292
B,ta,baseline,baseline,128,4,0,0.00,0.00,917.53,0.00,0.00,0.00,917.53,917.53,2.22,197.00,257.00,1.25,53159380
C,orig,baseline,baseline,128,4,0,0.00,0.00,871.38,0.00,0.00,0.00,871.38,871.38,1.60,18.00,35.00,1.25,53159380
C,vacuum,baseline,baseline,128,4,0,0.00,0.00,1158.34,0.00,0.00,0.00,1158.34,1158.34,1.54,17.00,27.00,1.25,53158908
C,ta,baseline,baseline,128,4,0,0.00,0.00,1004.74,0.00,0.00,0.00,1004.74,1004.74,1.60,19.00,36.00,1.25,53159732
A,orig,2e_K10,pread,128,4,0,0.00,100.00,179.89,2560.15,140.53,2419.62,2740.04,2599.51,2.14,181.00,287.00,1.25,53158860
A,orig,2e_K10,async,128,4,0,0.00,100.00,178.95,238.25,141.22,97.02,417.20,275.97,2.10,181.00,287.00,1.25,53159160
A,orig,2e_K500,pread,128,4,0,0.00,100.00,182.19,22004.27,144.24,21860.03,22186.46,22042.22,2.05,170.00,442.00,1.23,53153408
A,orig,2e_K500,async,128,4,0,0.00,100.00,183.71,1011.34,144.64,866.70,1195.05,1050.41,2.11,189.00,387.00,1.23,53153524
A,orig,2f_slru,pread,128,4,0,0.00,100.00,97.33,17553.76,139.76,17413.99,17651.09,17511.32,1.56,0.00,278.00,1.23,53154884
A,orig,2f_slru,async,128,4,0,0.00,100.00,95.85,7216.44,139.99,7076.45,7312.29,7172.30,1.56,0.00,278.00,1.23,53152192
A,vacuum,2e_K10,pread,128,4,0,0.00,100.00,179.12,2192.63,141.60,2051.03,2371.75,2230.15,2.02,137.00,247.00,1.23,53155280
A,vacuum,2e_K10,async,128,4,0,0.00,100.00,180.01,234.10,143.01,91.09,414.11,271.10,2.01,139.00,244.00,1.23,53155188
A,vacuum,2e_K500,pread,128,4,0,0.00,100.00,183.66,18961.52,140.75,18820.77,19145.18,19004.43,1.62,22.00,244.00,1.23,53149164
A,vacuum,2e_K500,async,128,4,0,0.00,100.00,178.86,980.60,142.15,838.46,1159.46,1017.32,1.98,141.00,332.00,1.23,53148840
A,vacuum,2f_slru,pread,128,4,0,0.00,100.00,95.96,13984.64,144.31,13840.33,14080.60,13936.29,1.56,0.00,214.00,1.23,53150036
A,vacuum,2f_slru,async,128,4,0,0.00,100.00,97.78,5602.04,142.54,5459.50,5699.82,5557.28,1.58,0.00,214.00,1.23,53149452
A,ta,2e_K10,pread,128,4,0,0.00,100.00,180.98,1990.18,143.82,1846.36,2171.16,2027.34,2.18,179.00,281.00,1.23,53147624
A,ta,2e_K10,async,128,4,0,0.00,60.40,179.38,263.21,142.72,120.50,442.59,299.88,2.12,179.00,280.00,1.23,53148000
A,ta,2e_K500,pread,128,4,0,0.00,100.00,180.25,17853.40,143.87,17709.53,18033.65,17889.78,2.00,143.00,430.00,1.23,53148368
A,ta,2e_K500,async,128,4,0,0.00,25.80,191.65,874.72,141.92,732.81,1066.37,924.46,2.12,189.00,384.00,1.23,53148272
A,ta,2f_slru,pread,128,4,0,0.00,100.00,96.83,17849.60,143.56,17706.04,17946.43,17802.87,1.55,0.00,279.00,1.23,53145892
A,ta,2f_slru,async,128,4,0,0.00,100.00,99.18,7190.70,142.48,7048.23,7289.88,7147.41,1.60,0.00,279.00,1.23,53147136
B,orig,2e_K10,pread,128,4,0,0.00,100.00,504.45,2675.62,142.09,2533.53,3180.07,3037.98,2.19,195.00,272.00,1.21,53150344
B,orig,2e_K10,async,128,4,0,0.00,100.00,502.11,237.31,141.89,95.42,739.42,597.53,2.20,197.00,268.00,1.21,53150340
B,orig,2e_K500,pread,128,4,0,0.00,100.00,512.03,19429.19,142.80,19286.39,19941.22,19798.42,1.95,122.00,348.00,1.21,53151024
B,orig,2e_K500,async,128,4,0,0.00,100.00,559.47,1008.55,143.12,865.44,1568.02,1424.91,2.18,190.00,338.00,1.21,53151820
B,orig,2f_slru,pread,128,4,0,0.00,100.00,95.72,17844.37,141.35,17703.03,17940.09,17798.75,1.56,0.00,278.00,1.21,53151208
B,orig,2f_slru,async,128,4,0,0.00,100.00,95.25,7225.05,143.24,7081.81,7320.30,7177.06,1.63,0.00,278.00,1.21,53149284
B,vacuum,2e_K10,pread,128,4,0,0.00,100.00,603.38,2196.90,142.65,2054.25,2800.28,2657.63,2.08,145.00,230.00,1.21,53152456
B,vacuum,2e_K10,async,128,4,0,0.00,100.00,611.78,233.35,143.58,89.77,845.13,701.55,2.04,145.00,229.00,1.21,53152596
B,vacuum,2e_K500,pread,128,4,0,0.00,100.00,567.22,14130.21,143.44,13986.77,14697.43,14553.99,1.91,103.00,357.00,1.21,53152008
B,vacuum,2e_K500,async,128,4,0,0.00,13.10,623.16,847.11,139.76,707.35,1470.27,1330.51,2.03,143.00,287.00,1.21,53151828
B,vacuum,2f_slru,pread,128,4,0,0.00,100.00,99.86,13855.45,140.66,13714.78,13955.31,13814.64,1.62,0.00,214.00,1.21,53151956
B,vacuum,2f_slru,async,128,4,0,0.00,100.00,99.56,5489.27,143.19,5346.09,5588.83,5445.65,1.62,0.00,214.00,1.21,53153456
B,ta,2e_K10,pread,128,4,0,0.00,100.00,481.72,1980.43,143.77,1836.66,2462.15,2318.38,2.23,195.00,259.00,1.21,53153536
B,ta,2e_K10,async,128,4,0,0.00,82.00,478.09,265.47,145.11,120.36,743.56,598.45,2.23,196.00,257.00,1.21,53154668
B,ta,2e_K500,pread,128,4,0,0.00,100.00,181.67,16597.29,141.80,16455.49,16778.96,16637.16,1.71,28.00,294.00,1.21,53154808
B,ta,2e_K500,async,128,4,0,0.00,32.20,504.02,886.69,143.17,743.52,1390.71,1247.54,2.17,188.00,326.00,1.21,53153852
B,ta,2f_slru,pread,128,4,0,0.00,100.00,99.01,18068.80,171.35,17897.45,18167.81,17996.46,1.60,0.00,279.00,1.19,53154192
B,ta,2f_slru,async,128,4,0,0.00,100.00,97.15,7250.36,173.01,7077.35,7347.51,7174.50,1.62,0.00,279.00,1.19,53152000
C,orig,2e_K10,pread,128,4,0,0.00,100.00,568.78,1396.33,172.14,1224.19,1965.11,1792.97,1.61,17.00,41.00,1.19,53155088
C,orig,2e_K10,async,128,4,0,0.00,100.00,585.76,249.64,171.64,78.00,835.40,663.76,1.60,18.00,40.00,1.19,53155492
C,orig,2e_K500,pread,128,4,0,0.00,100.00,181.32,2442.86,166.16,2276.70,2624.18,2458.02,1.53,0.00,37.00,1.19,53156200
C,orig,2e_K500,async,128,4,0,0.00,65.40,180.60,653.26,170.02,483.24,833.86,663.84,1.54,0.00,37.00,1.19,53156864
C,orig,2f_slru,pread,128,4,0,0.00,100.00,92.47,2882.27,173.30,2708.97,2974.74,2801.44,1.54,0.00,37.00,1.19,53156656
C,orig,2f_slru,async,128,4,0,0.00,100.00,93.65,875.54,170.90,704.64,969.19,798.29,1.54,0.00,37.00,1.19,53157212
C,vacuum,2e_K10,pread,128,4,0,0.00,100.00,536.21,1210.93,70.78,1140.15,1747.14,1676.36,1.54,16.00,34.00,1.19,53157108
C,vacuum,2e_K10,async,128,4,0,0.00,92.90,537.50,149.69,69.44,80.25,687.19,617.75,1.54,16.00,33.00,1.19,53157464
C,vacuum,2e_K500,pread,128,4,0,0.00,100.00,178.99,2415.49,171.61,2243.88,2594.48,2422.87,1.48,0.00,30.00,1.19,53158248
C,vacuum,2e_K500,async,128,4,0,0.00,45.60,219.65,613.02,170.18,442.84,832.67,662.49,1.49,0.00,30.00,1.19,53157380
C,vacuum,2f_slru,pread,128,4,0,0.00,100.00,90.63,2955.30,168.06,2787.24,3045.93,2877.87,1.47,0.00,30.00,1.19,53158116
C,vacuum,2f_slru,async,128,4,0,0.00,100.00,91.92,734.68,169.62,565.06,826.60,656.98,1.51,0.00,30.00,1.19,53158596
C,ta,2e_K10,pread,128,4,0,0.00,100.00,546.76,1675.93,168.11,1507.82,2222.69,2054.58,1.60,17.00,39.00,1.19,53158912
C,ta,2e_K10,async,128,4,0,0.00,100.00,583.79,315.38,171.27,144.11,899.17,727.90,1.62,18.00,39.00,1.19,53154784
C,ta,2e_K500,pread,128,4,0,0.00,100.00,182.44,3614.43,168.55,3445.89,3796.87,3628.33,1.54,0.00,38.00,1.19,53154332
C,ta,2e_K500,async,128,4,0,0.00,100.00,183.43,749.07,169.67,579.40,932.50,762.83,1.55,0.00,38.00,1.19,53154660
C,ta,2f_slru,pread,128,4,0,0.00,100.00,92.26,3559.90,168.64,3391.26,3652.16,3483.52,1.54,0.00,38.00,1.19,53154228
C,ta,2f_slru,async,128,4,0,0.00,100.00,92.16,994.60,168.81,825.79,1086.76,917.95,1.54,0.00,38.00,1.18,53156780
A,orig,baseline,baseline,128,5,0,0.00,0.00,932.55,0.00,0.00,0.00,932.55,932.55,2.09,182.00,264.00,1.18,53157768
A,vacuum,baseline,baseline,128,5,0,0.00,0.00,1088.32,0.00,0.00,0.00,1088.32,1088.32,2.01,144.00,228.00,1.18,53157448
A,ta,baseline,baseline,128,5,0,0.00,0.00,732.90,0.00,0.00,0.00,732.90,732.90,2.15,180.00,268.00,1.18,53157552
B,orig,baseline,baseline,128,5,0,0.00,0.00,898.18,0.00,0.00,0.00,898.18,898.18,2.15,195.00,262.00,1.18,53158308
B,vacuum,baseline,baseline,128,5,0,0.00,0.00,1208.94,0.00,0.00,0.00,1208.94,1208.94,2.06,148.00,220.00,1.18,53158468
B,ta,baseline,baseline,128,5,0,0.00,0.00,985.92,0.00,0.00,0.00,985.92,985.92,2.21,197.00,257.00,1.18,53157904
C,orig,baseline,baseline,128,5,0,0.00,0.00,925.31,0.00,0.00,0.00,925.31,925.31,1.58,18.00,35.00,1.18,53158260
C,vacuum,baseline,baseline,128,5,0,0.00,0.00,1128.18,0.00,0.00,0.00,1128.18,1128.18,1.55,17.00,27.00,1.18,53158676
C,ta,baseline,baseline,128,5,0,0.00,0.00,1032.12,0.00,0.00,0.00,1032.12,1032.12,1.61,19.00,36.00,1.18,53142392
A,orig,2e_K10,pread,128,5,0,0.00,100.00,185.78,2702.18,142.69,2559.49,2887.96,2745.27,2.23,181.00,287.00,1.18,53113216
A,orig,2e_K10,async,128,5,0,0.00,100.00,199.24,261.71,149.22,112.49,460.95,311.73,2.21,181.00,287.00,1.18,52942796
A,orig,2e_K500,pread,128,5,0,0.00,100.00,186.52,21692.42,142.97,21549.46,21878.94,21735.98,2.13,170.00,443.00,1.18,52717212
A,orig,2e_K500,async,128,5,0,0.00,100.00,181.70,1040.32,146.32,893.99,1222.02,1075.69,2.18,189.00,382.00,1.18,53015356
A,orig,2f_slru,pread,128,5,0,0.00,100.00,97.73,17569.08,143.50,17425.59,17666.81,17523.32,1.55,0.00,278.00,1.18,53017712
A,orig,2f_slru,async,128,5,0,0.00,100.00,97.30,7221.58,140.94,7080.65,7318.88,7177.95,1.58,0.00,278.00,1.18,53014916
A,vacuum,2e_K10,pread,128,5,0,0.00,100.00,174.94,2186.83,140.97,2045.86,2361.77,2220.80,2.01,137.00,247.00,1.24,53029560
A,vacuum,2e_K10,async,128,5,0,0.00,100.00,177.34,235.21,144.13,91.08,412.55,268.42,1.99,139.00,244.00,1.24,53029768
A,vacuum,2e_K500,pread,128,5,0,0.00,100.00,183.07,18878.80,143.56,18735.24,19061.87,18918.31,1.63,22.00,246.00,1.24,53029800
A,vacuum,2e_K500,async,128,5,0,0.00,100.00,181.99,978.87,143.14,835.73,1160.86,1017.72,1.99,141.00,336.00,1.24,53038280
A,vacuum,2f_slru,pread,128,5,0,0.00,100.00,95.33,14362.60,146.96,14215.64,14457.93,14310.97,1.55,0.00,214.00,1.24,53039784
A,vacuum,2f_slru,async,128,5,0,0.00,100.00,94.86,5568.38,144.55,5423.83,5663.24,5518.69,1.58,0.00,214.00,1.24,53040240
A,ta,2e_K10,pread,128,5,0,0.00,100.00,181.53,1906.37,142.90,1763.47,2087.90,1945.00,2.16,179.00,281.00,1.24,53040180
A,ta,2e_K10,async,128,5,0,0.00,75.50,180.02,268.17,144.10,124.07,448.19,304.09,2.17,179.00,280.00,1.24,53047368
A,ta,2e_K500,pread,128,5,0,0.00,100.00,181.39,17321.37,141.32,17180.05,17502.76,17361.44,2.00,143.00,430.00,1.24,53047264
A,ta,2e_K500,async,128,5,0,0.00,10.70,189.83,854.18,143.07,711.12,1044.01,900.95,2.16,189.00,388.00,1.24,53046836
A,ta,2f_slru,pread,128,5,0,0.00,100.00,94.86,17277.32,143.49,17133.83,17372.18,17228.69,1.56,0.00,279.00,1.24,53056168
A,ta,2f_slru,async,128,5,0,0.00,100.00,97.64,7202.34,142.19,7060.16,7299.98,7157.80,1.62,0.00,279.00,1.24,53053124
B,orig,2e_K10,pread,128,5,0,0.00,100.00,569.55,2677.31,141.35,2535.96,3246.86,3105.51,2.19,195.00,273.00,1.24,53056736
B,orig,2e_K10,async,128,5,0,0.00,100.00,577.05,240.13,140.58,99.55,817.18,676.60,2.22,197.00,269.00,1.24,53062536
B,orig,2e_K500,pread,128,5,0,0.00,100.00,494.28,19426.10,143.31,19282.80,19920.38,19777.08,1.97,122.00,350.00,1.24,53062568
B,orig,2e_K500,async,128,5,0,0.00,100.00,493.72,977.82,143.08,834.74,1471.54,1328.46,2.18,190.00,335.00,1.24,53062928
B,orig,2f_slru,pread,128,5,0,0.00,100.00,94.91,18583.80,142.97,18440.83,18678.71,18535.74,1.59,0.00,278.00,1.22,53068412
B,orig,2f_slru,async,128,5,0,0.00,100.00,96.60,7223.52,143.66,7079.85,7320.12,7176.45,1.64,0.00,278.00,1.22,53066500
B,vacuum,2e_K10,pread,128,5,0,0.00,100.00,610.14,2165.15,141.67,2023.48,2775.29,2633.62,2.06,145.00,230.00,1.22,53069096
B,vacuum,2e_K10,async,128,5,0,0.00,100.00,538.15,230.85,141.79,89.07,769.00,627.22,2.08,145.00,229.00,1.22,53063536
B,vacuum,2e_K500,pread,128,5,0,0.00,100.00,565.19,14045.25,147.80,13897.46,14610.44,14462.65,1.89,103.00,358.00,1.22,53073160
B,vacuum,2e_K500,async,128,5,0,0.00,7.00,1015.02,850.35,144.04,706.31,1865.37,1721.33,2.03,143.00,288.00,1.22,53073472
B,vacuum,2f_slru,pread,128,5,0,0.00,100.00,97.08,14119.41,143.14,13976.27,14216.49,14073.35,1.58,0.00,214.00,1.22,53074092
B,vacuum,2f_slru,async,128,5,0,0.00,100.00,97.11,5501.83,144.17,5357.66,5598.94,5454.77,1.63,0.00,214.00,1.22,53079020
B,ta,2e_K10,pread,128,5,0,0.00,100.00,477.01,1994.13,141.28,1852.84,2471.14,2329.85,2.20,195.00,259.00,1.22,53077744
B,ta,2e_K10,async,128,5,0,0.00,82.00,479.29,261.59,142.14,119.45,740.88,598.74,2.22,196.00,257.00,1.22,53078836
B,ta,2e_K500,pread,128,5,0,0.00,100.00,186.33,17530.42,143.30,17387.12,17716.75,17573.45,1.71,28.00,294.00,1.22,53084172
B,ta,2e_K500,async,128,5,0,0.00,33.30,873.41,881.25,142.87,738.38,1754.66,1611.79,2.21,188.00,324.00,1.22,53082752
B,ta,2f_slru,pread,128,5,0,0.00,100.00,95.34,17356.22,171.11,17185.10,17451.56,17280.44,1.57,0.00,279.00,1.22,53084036
B,ta,2f_slru,async,128,5,0,0.00,100.00,96.91,7270.49,170.62,7099.87,7367.40,7196.78,1.63,0.00,279.00,1.22,53085668
C,orig,2e_K10,pread,128,5,0,0.00,100.00,562.48,1380.26,170.72,1209.54,1942.74,1772.02,1.59,17.00,41.00,1.22,53088828
C,orig,2e_K10,async,128,5,0,0.00,100.00,525.05,249.38,170.99,78.39,774.43,603.44,1.59,18.00,40.00,1.22,53088680
C,orig,2e_K500,pread,128,5,0,0.00,100.00,179.86,2433.83,168.78,2265.06,2613.69,2444.92,1.54,0.00,37.00,1.22,53088464
C,orig,2e_K500,async,128,5,0,0.00,66.00,184.29,651.16,168.17,483.00,835.45,667.29,1.53,0.00,37.00,1.21,53094208
C,orig,2f_slru,pread,128,5,0,0.00,100.00,90.09,2695.18,168.35,2526.84,2785.27,2616.93,1.53,0.00,37.00,1.21,53097700
C,orig,2f_slru,async,128,5,0,0.00,100.00,95.64,907.46,169.03,738.43,1003.10,834.07,1.54,0.00,37.00,1.21,53098588
C,vacuum,2e_K10,pread,128,5,0,0.00,100.00,537.83,1210.68,69.06,1141.62,1748.51,1679.45,1.56,16.00,34.00,1.21,53098452
C,vacuum,2e_K10,async,128,5,0,0.00,92.90,532.15,173.82,95.65,78.17,705.97,610.32,1.53,16.00,33.00,1.21,53102444
C,vacuum,2e_K500,pread,128,5,0,0.00,100.00,177.88,2296.26,129.19,2167.06,2474.14,2344.94,1.47,0.00,30.00,1.21,53103128
C,vacuum,2e_K500,async,128,5,0,0.00,48.80,180.90,577.50,131.63,445.88,758.40,626.78,1.47,0.00,30.00,1.21,53103096
C,vacuum,2f_slru,pread,128,5,0,0.00,100.00,90.99,3112.55,130.22,2982.33,3203.54,3073.32,1.47,0.00,30.00,1.21,53118788
C,vacuum,2f_slru,async,128,5,0,0.00,100.00,93.94,748.74,136.00,612.74,842.68,706.68,1.49,0.00,30.00,1.21,53114460
C,ta,2e_K10,pread,128,5,0,0.00,100.00,485.31,1625.36,128.92,1496.43,2110.67,1981.74,1.61,17.00,39.00,1.21,53114744
C,ta,2e_K10,async,128,5,0,0.00,70.70,580.77,253.15,128.02,125.12,833.92,705.89,1.61,18.00,39.00,1.21,53114852
C,ta,2e_K500,pread,128,5,0,0.00,100.00,185.20,3446.46,129.26,3317.19,3631.66,3502.39,1.54,0.00,38.00,1.21,53114824
C,ta,2e_K500,async,128,5,0,0.00,100.00,180.65,678.46,130.92,547.54,859.11,728.19,1.57,0.00,38.00,1.21,53115712
C,ta,2f_slru,pread,128,5,0,0.00,100.00,93.00,3641.93,128.05,3513.88,3734.93,3606.88,1.54,0.00,38.00,1.21,53116080
C,ta,2f_slru,async,128,5,0,0.00,100.00,95.12,924.09,128.04,796.05,1019.21,891.17,1.54,0.00,38.00,1.21,53117144
A,orig,baseline,baseline,128,6,0,0.00,0.00,929.02,0.00,0.00,0.00,929.02,929.02,2.13,182.00,264.00,1.21,53118532
A,vacuum,baseline,baseline,128,6,0,0.00,0.00,1092.05,0.00,0.00,0.00,1092.05,1092.05,2.00,144.00,227.00,1.21,53118448
A,ta,baseline,baseline,128,6,0,0.00,0.00,757.79,0.00,0.00,0.00,757.79,757.79,2.10,180.00,268.00,1.21,53118632
B,orig,baseline,baseline,128,6,0,0.00,0.00,874.92,0.00,0.00,0.00,874.92,874.92,2.22,195.00,262.00,1.19,53122116
B,vacuum,baseline,baseline,128,6,0,0.00,0.00,1173.50,0.00,0.00,0.00,1173.50,1173.50,2.05,148.00,220.00,1.19,53122612
B,ta,baseline,baseline,128,6,0,0.00,0.00,933.31,0.00,0.00,0.00,933.31,933.31,2.20,197.00,257.00,1.19,53122876
C,orig,baseline,baseline,128,6,0,0.00,0.00,967.42,0.00,0.00,0.00,967.42,967.42,1.59,18.00,35.00,1.19,53126348
C,vacuum,baseline,baseline,128,6,0,0.00,0.00,1133.37,0.00,0.00,0.00,1133.37,1133.37,1.54,17.00,27.00,1.19,53125924
C,ta,baseline,baseline,128,6,0,0.00,0.00,1033.81,0.00,0.00,0.00,1033.81,1033.81,1.62,19.00,36.00,1.19,53126444
A,orig,2e_K10,pread,128,6,0,0.00,100.00,179.50,2692.71,144.68,2548.03,2872.21,2727.53,2.14,181.00,287.00,1.19,53126208
A,orig,2e_K10,async,128,6,0,0.00,100.00,179.63,243.73,144.04,99.69,423.36,279.32,2.17,181.00,287.00,1.19,53127404
A,orig,2e_K500,pread,128,6,0,0.00,100.00,179.95,22053.09,143.36,21909.73,22233.04,22089.68,2.06,170.00,442.00,1.19,53127720
A,orig,2e_K500,async,128,6,0,0.00,100.00,184.31,1015.32,144.74,870.58,1199.63,1054.89,2.16,189.00,384.00,1.19,53126960
A,orig,2f_slru,pread,128,6,0,0.00,100.00,102.54,29528.39,137.29,29391.10,29630.93,29493.64,1.59,0.00,278.00,1.19,53118628
A,orig,2f_slru,async,128,6,0,0.00,100.00,98.39,7165.53,143.14,7022.40,7263.92,7120.79,1.56,0.00,278.00,1.19,53116996
A,vacuum,2e_K10,pread,128,6,0,0.00,100.00,180.32,2194.69,142.82,2051.88,2375.01,2232.20,2.00,137.00,248.00,1.19,53119472
A,vacuum,2e_K10,async,128,6,0,0.00,100.00,179.84,233.18,142.92,90.26,413.02,270.10,2.01,139.00,245.00,1.19,53122044
A,vacuum,2e_K500,pread,128,6,0,0.00,100.00,180.52,18400.38,143.95,18256.43,18580.90,18436.95,1.61,22.00,244.00,1.19,53122388
A,vacuum,2e_K500,async,128,6,0,0.00,100.00,184.30,964.59,143.00,821.59,1148.89,1005.89,1.99,141.00,335.00,1.19,53122924
A,vacuum,2f_slru,pread,128,6,0,0.00,100.00,96.56,14126.59,141.75,13984.84,14223.15,14081.40,1.58,0.00,214.00,1.17,53125372
A,vacuum,2f_slru,async,128,6,0,0.00,100.00,99.36,5567.36,143.38,5423.98,5666.72,5523.34,1.57,0.00,214.00,1.17,53127096
A,ta,2e_K10,pread,128,6,0,0.00,100.00,183.08,1951.75,143.17,1808.58,2134.83,1991.66,2.16,179.00,281.00,1.17,53125732
A,ta,2e_K10,async,128,6,0,0.00,75.50,183.53,264.88,142.00,122.88,448.41,306.41,2.17,179.00,280.00,1.17,53126548
A,ta,2e_K500,pread,128,6,0,0.00,100.00,182.65,17520.69,143.95,17376.74,17703.34,17559.39,1.98,143.00,429.00,1.17,53127200
A,ta,2e_K500,async,128,6,0,0.00,11.20,340.16,872.53,143.20,729.33,1212.69,1069.49,2.14,189.00,387.00,1.17,53127548
A,ta,2f_slru,pread,128,6,0,0.00,100.00,99.39,17958.23,143.38,17814.85,18057.62,17914.24,1.54,0.00,279.00,1.17,53130684
A,ta,2f_slru,async,128,6,0,0.00,100.00,97.98,7218.19,143.58,7074.61,7316.17,7172.59,1.58,0.00,279.00,1.17,53128496
B,orig,2e_K10,pread,128,6,0,0.00,100.00,502.40,2709.03,143.62,2565.41,3211.43,3067.81,2.21,195.00,273.00,1.17,53130860
B,orig,2e_K10,async,128,6,0,0.00,100.00,566.01,243.87,142.85,101.02,809.88,667.03,2.21,197.00,269.00,1.17,53130212
B,orig,2e_K500,pread,128,6,0,0.00,100.00,510.84,19768.14,144.68,19623.46,20278.98,20134.30,1.96,122.00,351.00,1.17,53131824
B,orig,2e_K500,async,128,6,0,0.00,100.00,490.42,1019.12,142.42,876.71,1509.54,1367.13,2.16,190.00,336.00,1.17,53132340
B,orig,2f_slru,pread,128,6,0,0.00,100.00,95.77,18916.08,143.81,18772.27,19011.85,18868.04,1.59,0.00,278.00,1.17,53132300
B,orig,2f_slru,async,128,6,0,0.00,100.00,98.28,7275.00,143.80,7131.20,7373.28,7229.48,1.64,0.00,278.00,1.17,53123880
B,vacuum,2e_K10,pread,128,6,0,0.00,100.00,604.16,2190.14,140.58,2049.56,2794.30,2653.72,2.06,145.00,230.00,1.17,53143180
B,vacuum,2e_K10,async,128,6,0,0.00,100.00,603.19,233.08,143.42,89.66,836.27,692.85,2.05,145.00,229.00,1.17,53143292
B,vacuum,2e_K500,pread,128,6,0,0.00,100.00,566.45,13763.29,143.16,13620.13,14329.74,14186.58,1.94,103.00,357.00,1.16,53145196
B,vacuum,2e_K500,async,128,6,0,0.00,7.00,785.87,838.77,142.69,696.08,1624.64,1481.95,2.03,143.00,287.00,1.16,53145208
B,vacuum,2f_slru,pread,128,6,0,0.00,100.00,95.89,13666.69,143.35,13523.34,13762.58,13619.23,1.57,0.00,214.00,1.16,53146760
B,vacuum,2f_slru,async,128,6,0,0.00,100.00,97.62,5499.90,143.69,5356.22,5597.52,5453.84,1.62,0.00,214.00,1.16,53146792
B,ta,2e_K10,pread,128,6,0,0.00,100.00,477.63,1918.35,143.07,1775.28,2395.98,2252.91,2.22,195.00,259.00,1.16,53148316
B,ta,2e_K10,async,128,6,0,0.00,100.00,479.78,268.24,147.68,120.57,748.02,600.35,2.23,196.00,257.00,1.16,53148044
B,ta,2e_K500,pread,128,6,0,0.00,100.00,181.57,17421.14,142.90,17278.24,17602.71,17459.81,1.72,28.00,295.00,1.16,53149064
B,ta,2e_K500,async,128,6,0,0.00,32.00,485.45,872.41,144.24,728.17,1357.86,1213.62,2.19,188.00,328.00,1.16,53150224
B,ta,2f_slru,pread,128,6,0,0.00,100.00,95.31,17962.62,172.06,17790.56,18057.93,17885.87,1.58,0.00,279.00,1.16,53150340
B,ta,2f_slru,async,128,6,0,0.00,100.00,98.56,7227.61,173.97,7053.65,7326.17,7152.21,1.62,0.00,279.00,1.16,53147348
C,orig,2e_K10,pread,128,6,0,0.00,100.00,568.18,1347.07,130.28,1216.79,1915.25,1784.97,1.60,17.00,41.00,1.16,53150196
C,orig,2e_K10,async,128,6,0,0.00,100.00,581.78,209.87,130.68,79.20,791.65,660.98,1.60,18.00,40.00,1.16,53150480
C,orig,2e_K500,pread,128,6,0,0.00,100.00,177.77,2296.89,126.63,2170.26,2474.66,2348.03,1.54,0.00,37.00,1.16,53150620
C,orig,2e_K500,async,128,6,0,0.00,70.40,178.51,613.11,128.54,484.57,791.62,663.08,1.54,0.00,37.00,1.16,53149332
C,orig,2f_slru,pread,128,6,0,0.00,100.00,92.77,2750.10,130.86,2619.24,2842.87,2712.01,1.56,0.00,37.00,1.16,53151052
C,orig,2f_slru,async,128,6,0,0.00,100.00,91.56,860.10,129.14,730.95,951.66,822.51,1.54,0.00,37.00,1.16,53151844
C,vacuum,2e_K10,pread,128,6,0,0.00,100.00,400.05,1267.20,128.72,1138.48,1667.25,1538.53,1.53,16.00,34.00,1.16,53151856
C,vacuum,2e_K10,async,128,6,0,0.00,92.90,532.34,208.86,129.72,79.14,741.20,611.48,1.53,16.00,33.00,1.16,53152764
C,vacuum,2e_K500,pread,128,6,0,0.00,100.00,180.86,2537.39,128.94,2408.45,2718.25,2589.31,1.48,0.00,30.00,1.23,53149032
C,vacuum,2e_K500,async,128,6,0,0.00,46.70,182.66,578.27,129.95,448.31,760.93,630.97,1.49,0.00,30.00,1.23,53149052
C,vacuum,2f_slru,pread,128,6,0,0.00,100.00,92.22,3148.69,129.21,3019.47,3240.91,3111.69,1.47,0.00,30.00,1.23,53149948
C,vacuum,2f_slru,async,128,6,0,0.00,100.00,94.65,701.11,131.91,569.20,795.76,663.85,1.50,0.00,30.00,1.23,53150308
C,ta,2e_K10,pread,128,6,0,0.00,100.00,552.15,1693.36,128.61,1564.75,2245.51,2116.90,1.63,17.00,39.00,1.23,53149976
C,ta,2e_K10,async,128,6,0,0.00,70.70,584.68,255.24,130.83,124.41,839.92,709.09,1.61,18.00,39.00,1.23,53150996
C,ta,2e_K500,pread,128,6,0,0.00,100.00,180.65,3441.20,130.79,3310.41,3621.85,3491.06,1.53,0.00,38.00,1.23,53151616
C,ta,2e_K500,async,128,6,0,0.00,100.00,182.41,689.04,126.31,562.74,871.45,745.15,1.57,0.00,38.00,1.23,53151896
C,ta,2f_slru,pread,128,6,0,0.00,100.00,90.79,3449.46,125.19,3324.27,3540.25,3415.06,1.53,0.00,38.00,1.23,53152168
C,ta,2f_slru,async,128,6,0,0.00,100.00,93.73,957.41,128.79,828.62,1051.14,922.35,1.55,0.00,38.00,1.23,53153416
A,orig,baseline,baseline,128,7,0,0.00,0.00,869.49,0.00,0.00,0.00,869.49,869.49,2.12,182.00,264.00,1.23,53153128
A,vacuum,baseline,baseline,128,7,0,0.00,0.00,1089.84,0.00,0.00,0.00,1089.84,1089.84,2.01,144.00,227.00,1.23,53152652
A,ta,baseline,baseline,128,7,0,0.00,0.00,760.12,0.00,0.00,0.00,760.12,760.12,2.14,180.00,268.00,1.23,53153160
B,orig,baseline,baseline,128,7,0,0.00,0.00,997.64,0.00,0.00,0.00,997.64,997.64,2.20,195.00,262.00,1.23,53152308
B,vacuum,baseline,baseline,128,7,0,0.00,0.00,1174.55,0.00,0.00,0.00,1174.55,1174.55,2.08,148.00,220.00,1.23,53153312
B,ta,baseline,baseline,128,7,0,0.00,0.00,967.50,0.00,0.00,0.00,967.50,967.50,2.22,197.00,257.00,1.23,53152216
C,orig,baseline,baseline,128,7,0,0.00,0.00,958.78,0.00,0.00,0.00,958.78,958.78,1.59,18.00,35.00,1.23,53152656
C,vacuum,baseline,baseline,128,7,0,0.00,0.00,1099.70,0.00,0.00,0.00,1099.70,1099.70,1.53,17.00,27.00,1.21,53151888
C,ta,baseline,baseline,128,7,0,0.00,0.00,1028.17,0.00,0.00,0.00,1028.17,1028.17,1.61,19.00,36.00,1.21,53152792
A,orig,2e_K10,pread,128,7,0,0.00,100.00,178.43,2684.22,141.46,2542.77,2862.65,2721.20,2.09,181.00,287.00,1.21,53152860
A,orig,2e_K10,async,128,7,0,0.00,100.00,181.01,239.69,141.84,97.85,420.70,278.86,2.16,181.00,287.00,1.21,53149512
A,orig,2e_K500,pread,128,7,0,0.00,100.00,182.86,21649.88,138.05,21511.83,21832.74,21694.69,2.05,170.00,443.00,1.21,53147516
A,orig,2e_K500,async,128,7,0,0.00,100.00,182.68,1012.80,143.72,869.08,1195.48,1051.76,2.13,189.00,385.00,1.21,53148780
A,orig,2f_slru,pread,128,7,0,0.00,100.00,97.19,18506.13,142.54,18363.59,18603.32,18460.78,1.54,0.00,278.00,1.21,53150320
A,orig,2f_slru,async,128,7,0,0.00,100.00,97.79,7187.05,143.80,7043.24,7284.84,7141.03,1.57,0.00,278.00,1.21,53151092
A,vacuum,2e_K10,pread,128,7,0,0.00,100.00,179.84,2185.83,143.45,2042.38,2365.67,2222.22,1.96,137.00,247.00,1.21,53151400
A,vacuum,2e_K10,async,128,7,0,0.00,100.00,179.85,234.07,144.76,89.31,413.92,269.16,1.99,139.00,245.00,1.21,53150448
A,vacuum,2e_K500,pread,128,7,0,0.00,100.00,185.03,19069.99,141.91,18928.08,19255.02,19113.11,1.65,22.00,245.00,1.21,53152084
A,vacuum,2e_K500,async,128,7,0,0.00,100.00,180.94,983.67,142.95,840.72,1164.61,1021.66,1.97,141.00,336.00,1.21,53152484
A,vacuum,2f_slru,pread,128,7,0,0.00,100.00,94.66,13806.81,141.94,13664.87,13901.47,13759.53,1.56,0.00,214.00,1.21,53153040
A,vacuum,2f_slru,async,128,7,0,0.00,100.00,125.85,5596.06,143.86,5452.20,5721.91,5578.05,1.57,0.00,214.00,1.21,53153108
A,ta,2e_K10,pread,128,7,0,0.00,100.00,181.25,1917.62,143.51,1774.11,2098.87,1955.36,2.14,179.00,281.00,1.21,53153856
A,ta,2e_K10,async,128,7,0,0.00,77.40,181.06,265.46,143.17,122.29,446.52,303.35,2.13,179.00,280.00,1.21,53153896
A,ta,2e_K500,pread,128,7,0,0.00,100.00,180.70,17813.86,142.40,17671.46,17994.56,17852.16,2.00,143.00,429.00,1.21,53153804
A,ta,2e_K500,async,128,7,0,0.00,29.10,339.35,885.23,142.64,742.60,1224.58,1081.95,2.12,189.00,387.00,1.19,53153744
A,ta,2f_slru,pread,128,7,0,0.00,100.00,102.10,17395.56,142.74,17252.82,17497.66,17354.92,1.57,0.00,279.00,1.19,53155396
A,ta,2f_slru,async,128,7,0,0.00,100.00,97.44,7169.66,141.58,7028.09,7267.10,7125.53,1.57,0.00,279.00,1.19,53155700
B,orig,2e_K10,pread,128,7,0,0.00,100.00,504.26,2691.49,146.86,2544.63,3195.75,3048.89,2.23,195.00,273.00,1.19,53155224
B,orig,2e_K10,async,128,7,0,0.00,100.00,503.31,240.63,143.73,96.90,743.94,600.21,2.26,197.00,269.00,1.19,53154936
B,orig,2e_K500,pread,128,7,0,0.00,100.00,531.41,19896.06,143.58,19752.48,20427.47,20283.89,1.97,122.00,351.00,1.19,53155428
B,orig,2e_K500,async,128,7,0,0.00,100.00,496.76,992.55,142.28,850.28,1489.31,1347.04,2.26,190.00,341.00,1.19,53190360
B,orig,2f_slru,pread,128,7,0,0.00,100.00,103.75,27640.57,187.77,27452.80,27744.32,27556.55,1.82,0.00,278.00,1.19,53126360
B,orig,2f_slru,async,128,7,0,0.00,100.00,118.43,7718.05,147.76,7570.30,7836.48,7688.73,1.78,0.00,278.00,1.19,52942064
B,vacuum,2e_K10,pread,128,7,0,0.00,100.00,606.11,2066.74,140.66,1926.08,2672.85,2532.19,2.08,145.00,230.00,1.19,53087400
B,vacuum,2e_K10,async,128,7,0,0.00,100.00,536.94,233.15,143.40,89.75,770.09,626.69,2.06,145.00,229.00,1.19,53090828
B,vacuum,2e_K500,pread,128,7,0,0.00,100.00,553.25,13746.51,143.80,13602.71,14299.76,14155.96,1.89,103.00,357.00,1.19,53094808
B,vacuum,2e_K500,async,128,7,0,0.00,15.60,640.83,861.04,141.00,720.04,1501.87,1360.87,2.06,143.00,289.00,1.19,53095828
B,vacuum,2f_slru,pread,128,7,0,0.00,100.00,97.40,14138.87,143.83,13995.04,14236.27,14092.44,1.58,0.00,214.00,1.19,53096288
B,vacuum,2f_slru,async,128,7,0,0.00,100.00,98.72,5553.79,143.57,5410.22,5652.51,5508.94,1.64,0.00,214.00,1.19,53096344
B,ta,2e_K10,pread,128,7,0,0.00,100.00,480.13,2024.85,140.87,1883.97,2504.98,2364.10,2.19,195.00,259.00,1.19,53095476
B,ta,2e_K10,async,128,7,0,0.00,100.00,479.36,264.23,145.80,118.42,743.59,597.78,2.24,196.00,257.00,1.18,53097416
B,ta,2e_K500,pread,128,7,0,0.00,100.00,181.52,18058.40,143.29,17915.12,18239.92,18096.64,1.70,28.00,293.00,1.18,53097740
B,ta,2e_K500,async,128,7,0,0.00,35.00,614.83,860.63,142.67,717.96,1475.46,1332.79,2.16,188.00,327.00,1.18,53097216
B,ta,2f_slru,pread,128,7,0,0.00,100.00,96.74,17227.22,170.95,17056.27,17323.96,17153.01,1.61,0.00,279.00,1.18,53098796
B,ta,2f_slru,async,128,7,0,0.00,100.00,102.28,7234.64,171.92,7062.71,7336.92,7164.99,1.64,0.00,279.00,1.18,53096412
C,orig,2e_K10,pread,128,7,0,0.00,100.00,565.81,1339.81,129.47,1210.34,1905.62,1776.15,1.61,17.00,41.00,1.18,53098948
C,orig,2e_K10,async,128,7,0,0.00,100.00,582.36,207.10,129.37,77.73,789.46,660.09,1.60,18.00,40.00,1.18,53099528
C,orig,2e_K500,pread,128,7,0,0.00,100.00,180.89,2480.24,132.35,2347.89,2661.13,2528.78,1.54,0.00,37.00,1.18,53101724
C,orig,2e_K500,async,128,7,0,0.00,67.50,181.72,630.41,130.28,500.13,812.13,681.85,1.53,0.00,37.00,1.18,53102020
C,orig,2f_slru,pread,128,7,0,0.00,100.00,91.80,2762.47,127.84,2634.63,2854.27,2726.43,1.53,0.00,37.00,1.18,53102980
C,orig,2f_slru,async,128,7,0,0.00,100.00,87.36,894.65,128.56,766.09,982.01,853.45,1.53,0.00,37.00,1.18,53102940
C,vacuum,2e_K10,pread,128,7,0,0.00,100.00,541.72,1341.99,144.68,1197.31,1883.71,1739.03,1.55,16.00,34.00,1.18,53100572
C,vacuum,2e_K10,async,128,7,0,0.00,92.90,645.41,207.54,129.54,78.00,852.95,723.41,1.57,16.00,33.00,1.18,53101088
C,vacuum,2e_K500,pread,128,7,0,0.00,100.00,175.50,2326.88,131.44,2195.45,2502.38,2370.95,1.48,0.00,30.00,1.18,53102520
C,vacuum,2e_K500,async,128,7,0,0.00,55.00,180.00,579.52,133.11,446.41,759.52,626.41,1.50,0.00,30.00,1.18,53102156
C,vacuum,2f_slru,pread,128,7,0,0.00,100.00,89.09,3161.09,131.99,3029.10,3250.18,3118.19,1.50,0.00,30.00,1.18,53103580
C,vacuum,2f_slru,async,128,7,0,0.00,100.00,93.06,706.00,131.86,574.14,799.06,667.20,1.52,0.00,30.00,1.18,53102296
C,ta,2e_K10,pread,128,7,0,0.00,100.00,550.54,1488.27,127.62,1360.65,2038.81,1911.19,1.60,17.00,39.00,1.18,53102876
C,ta,2e_K10,async,128,7,0,0.00,70.70,574.13,253.19,129.10,124.08,827.32,698.21,1.60,18.00,39.00,1.16,53103640
C,ta,2e_K500,pread,128,7,0,0.00,100.00,178.01,3439.90,127.68,3312.22,3617.91,3490.23,1.53,0.00,38.00,1.16,53102904
C,ta,2e_K500,async,128,7,0,0.00,100.00,181.09,701.87,129.65,572.22,882.96,753.31,1.54,0.00,38.00,1.16,53103992
C,ta,2f_slru,pread,128,7,0,0.00,100.00,92.28,3765.05,125.76,3639.30,3857.33,3731.58,1.54,0.00,38.00,1.16,53104180
C,ta,2f_slru,async,128,7,0,0.00,100.00,88.16,976.32,130.99,845.33,1064.48,933.49,1.56,0.00,38.00,1.16,53106992
A,orig,baseline,baseline,128,8,0,0.00,0.00,877.24,0.00,0.00,0.00,877.24,877.24,2.12,182.00,264.00,1.16,53107404
A,vacuum,baseline,baseline,128,8,0,0.00,0.00,1092.37,0.00,0.00,0.00,1092.37,1092.37,2.01,144.00,227.00,1.16,53107400
A,ta,baseline,baseline,128,8,0,0.00,0.00,726.38,0.00,0.00,0.00,726.38,726.38,2.14,180.00,268.00,1.16,53106400
B,orig,baseline,baseline,128,8,0,0.00,0.00,933.61,0.00,0.00,0.00,933.61,933.61,2.20,195.00,262.00,1.16,53106360
B,vacuum,baseline,baseline,128,8,0,0.00,0.00,1200.17,0.00,0.00,0.00,1200.17,1200.17,2.06,148.00,220.00,1.16,53107376
B,ta,baseline,baseline,128,8,0,0.00,0.00,940.59,0.00,0.00,0.00,940.59,940.59,2.19,197.00,257.00,1.16,53111676
C,orig,baseline,baseline,128,8,0,0.00,0.00,998.72,0.00,0.00,0.00,998.72,998.72,1.60,18.00,35.00,1.16,53112112
C,vacuum,baseline,baseline,128,8,0,0.00,0.00,1133.53,0.00,0.00,0.00,1133.53,1133.53,1.53,17.00,27.00,1.16,53112580
C,ta,baseline,baseline,128,8,0,0.00,0.00,1016.72,0.00,0.00,0.00,1016.72,1016.72,1.63,19.00,36.00,1.16,53111236
A,orig,2e_K10,pread,128,8,0,0.00,100.00,180.11,2662.92,145.34,2517.58,2843.03,2697.69,2.15,181.00,287.00,1.16,53119648
A,orig,2e_K10,async,128,8,0,0.00,100.00,181.70,236.47,139.11,97.36,418.17,279.06,2.12,181.00,287.00,1.16,53120908
A,orig,2e_K500,pread,128,8,0,0.00,100.00,180.29,22366.01,145.88,22220.12,22546.30,22400.41,2.08,170.00,441.00,1.15,53123532
A,orig,2e_K500,async,128,8,0,0.00,100.00,182.72,1005.92,144.73,861.19,1188.64,1043.91,2.14,189.00,385.00,1.15,53123424
A,orig,2f_slru,pread,128,8,0,0.00,100.00,92.10,18679.25,142.62,18536.63,18771.35,18628.73,1.54,0.00,278.00,1.15,53124048
A,orig,2f_slru,async,128,8,0,0.00,100.00,96.89,7199.70,142.81,7056.89,7296.59,7153.78,1.56,0.00,278.00,1.15,53122196
A,vacuum,2e_K10,pread,128,8,0,0.00,100.00,179.78,2150.59,141.15,2009.45,2330.37,2189.23,1.97,137.00,247.00,1.15,53125700
A,vacuum,2e_K10,async,128,8,0,0.00,100.00,180.33,234.70,142.87,91.83,415.03,272.16,2.00,139.00,244.00,1.15,53125900
A,vacuum,2e_K500,pread,128,8,0,0.00,100.00,182.80,19825.73,145.37,19680.35,20008.53,19863.15,1.61,22.00,245.00,1.15,53125716
A,vacuum,2e_K500,async,128,8,0,0.00,100.00,185.52,1002.08,144.55,857.53,1187.60,1043.05,2.00,141.00,335.00,1.15,53126672
A,vacuum,2f_slru,pread,128,8,0,0.00,100.00,94.56,13221.26,141.92,13079.35,13315.82,13173.91,1.57,0.00,214.00,1.15,53127300
A,vacuum,2f_slru,async,128,8,0,0.00,100.00,101.68,5980.96,142.96,5838.00,6082.64,5939.68,1.61,0.00,214.00,1.15,53125360
A,ta,2e_K10,pread,128,8,0,0.00,100.00,185.29,1940.82,141.89,1798.93,2126.11,1984.22,2.14,179.00,281.00,1.15,53124320
A,ta,2e_K10,async,128,8,0,0.00,77.40,179.73,265.30,143.63,121.67,445.03,301.40,2.14,179.00,280.00,1.15,53125140
A,ta,2e_K500,pread,128,8,0,0.00,100.00,182.75,17605.03,143.63,17461.40,17787.78,17644.15,1.99,143.00,430.00,1.15,53124924
A,ta,2e_K500,async,128,8,0,0.00,14.70,196.83,857.87,143.79,714.08,1054.70,910.91,2.15,189.00,384.00,1.15,53126196
A,ta,2f_slru,pread,128,8,0,0.00,100.00,96.05,17495.51,140.94,17354.56,17591.56,17450.61,1.56,0.00,279.00,1.15,53127948
A,ta,2f_slru,async,128,8,0,0.00,100.00,96.12,7191.44,142.73,7048.72,7287.56,7144.84,1.59,0.00,279.00,1.15,53125260
B,orig,2e_K10,pread,128,8,0,0.00,100.00,504.40,2616.41,142.31,2474.10,3120.81,2978.50,2.24,195.00,273.00,1.15,53128796
B,orig,2e_K10,async,128,8,0,0.00,100.00,573.81,236.86,137.33,99.53,810.67,673.34,2.24,197.00,269.00,1.22,53136028
B,orig,2e_K500,pread,128,8,0,0.00,100.00,511.81,18971.53,142.16,18829.37,19483.34,19341.18,1.97,122.00,351.00,1.22,53135992
B,orig,2e_K500,async,128,8,0,0.00,100.00,494.63,987.14,140.94,846.20,1481.77,1340.83,2.16,190.00,337.00,1.22,53136608
B,orig,2f_slru,pread,128,8,0,0.00,100.00,96.85,18506.33,143.66,18362.67,18603.18,18459.52,1.58,0.00,278.00,1.22,53139516
B,orig,2f_slru,async,128,8,0,0.00,100.00,97.84,7205.94,142.76,7063.18,7303.78,7161.02,1.63,0.00,278.00,1.22,53137268
B,vacuum,2e_K10,pread,128,8,0,0.00,100.00,615.06,2163.30,143.93,2019.37,2778.36,2634.43,2.06,145.00,230.00,1.22,53140348
B,vacuum,2e_K10,async,128,8,0,0.00,100.00,575.76,234.88,144.85,90.03,810.64,665.79,2.06,145.00,229.00,1.22,53142076
B,vacuum,2e_K500,pread,128,8,0,0.00,100.00,568.97,13908.15,142.10,13766.05,14477.12,14335.02,1.93,103.00,357.00,1.22,53141996
B,vacuum,2e_K500,async,128,8,0,0.00,15.60,815.13,851.39,143.06,708.33,1666.52,1523.46,2.03,143.00,286.00,1.22,53141004
B,vacuum,2f_slru,pread,128,8,0,0.00,100.00,94.19,14930.75,144.37,14786.38,15024.94,14880.57,1.57,0.00,214.00,1.22,53143076
B,vacuum,2f_slru,async,128,8,0,0.00,100.00,96.18,5533.12,143.67,5389.45,5629.30,5485.63,1.61,0.00,214.00,1.22,53143748
B,ta,2e_K10,pread,128,8,0,0.00,100.00,478.08,1915.43,142.49,1772.94,2393.51,2251.02,2.20,195.00,259.00,1.22,53142468
B,ta,2e_K10,async,128,8,0,0.00,100.00,480.22,260.91,142.65,118.26,741.13,598.48,2.19,196.00,257.00,1.22,53144024
B,ta,2e_K500,pread,128,8,0,0.00,100.00,189.44,17456.94,144.08,17312.86,17646.38,17502.30,1.71,28.00,294.00,1.22,53145444
B,ta,2e_K500,async,128,8,0,0.00,42.20,482.89,886.21,144.08,742.12,1369.10,1225.01,2.18,188.00,325.00,1.22,53144868
B,ta,2f_slru,pread,128,8,0,0.00,100.00,94.86,17051.32,174.17,16877.15,17146.18,16972.01,1.58,0.00,279.00,1.22,53145560
B,ta,2f_slru,async,128,8,0,0.00,100.00,99.68,7157.06,174.85,6982.21,7256.74,7081.89,1.64,0.00,279.00,1.20,53143888
C,orig,2e_K10,pread,128,8,0,0.00,100.00,565.91,1317.74,132.51,1185.23,1883.65,1751.14,1.60,17.00,41.00,1.20,53147156
C,orig,2e_K10,async,128,8,0,0.00,100.00,530.68,205.84,128.32,77.52,736.52,608.20,1.57,18.00,40.00,1.20,53147540
C,orig,2e_K500,pread,128,8,0,0.00,100.00,177.23,2354.78,130.56,2224.22,2532.01,2401.45,1.56,0.00,37.00,1.20,53145676
C,orig,2e_K500,async,128,8,0,0.00,65.40,182.74,661.79,132.08,529.72,844.53,712.46,1.53,0.00,37.00,1.20,53138148
C,orig,2f_slru,pread,128,8,0,0.00,100.00,93.31,2672.30,129.10,2543.20,2765.61,2636.51,1.56,0.00,37.00,1.20,53137620
C,orig,2f_slru,async,128,8,0,0.00,100.00,96.85,829.19,128.39,700.80,926.04,797.65,1.54,0.00,37.00,1.20,53138844
C,vacuum,2e_K10,pread,128,8,0,0.00,100.00,400.11,1309.23,177.55,1131.68,1709.34,1531.79,1.52,16.00,34.00,1.20,53141292
C,vacuum,2e_K10,async,128,8,0,0.00,92.90,528.01,208.54,128.77,79.77,736.55,607.78,1.57,16.00,33.00,1.20,53140308
C,vacuum,2e_K500,pread,128,8,0,0.00,100.00,184.03,2320.39,171.12,2149.27,2504.42,2333.30,1.51,0.00,30.00,1.20,53141328
C,vacuum,2e_K500,async,128,8,0,0.00,60.70,182.07,612.07,173.04,439.02,794.14,621.09,1.47,0.00,30.00,1.20,53141212
C,vacuum,2f_slru,pread,128,8,0,0.00,100.00,89.24,3022.08,168.30,2853.78,3111.32,2943.02,1.48,0.00,30.00,1.20,53142680
C,vacuum,2f_slru,async,128,8,0,0.00,100.00,93.20,744.82,169.24,575.58,838.02,668.78,1.50,0.00,30.00,1.20,53143200
C,ta,2e_K10,pread,128,8,0,0.00,100.00,557.26,1762.97,169.98,1592.99,2320.23,2150.25,1.61,17.00,39.00,1.20,53141764
C,ta,2e_K10,async,128,8,0,0.00,70.70,580.86,297.96,172.12,125.84,878.82,706.70,1.61,18.00,39.00,1.20,53143428
C,ta,2e_K500,pread,128,8,0,0.00,100.00,181.80,3508.73,171.93,3336.80,3690.53,3518.60,1.55,0.00,38.00,1.20,53143424
C,ta,2e_K500,async,128,8,0,0.00,100.00,179.17,754.57,170.72,583.85,933.74,763.02,1.55,0.00,38.00,1.20,53143040
C,ta,2f_slru,pread,128,8,0,0.00,100.00,91.91,3868.09,170.25,3697.84,3960.00,3789.75,1.56,0.00,38.00,1.20,53143212
C,ta,2f_slru,async,128,8,0,0.00,100.00,93.67,1011.09,170.45,840.64,1104.76,934.31,1.53,0.00,38.00,1.20,53144176
A,orig,baseline,baseline,128,9,0,0.00,0.00,878.53,0.00,0.00,0.00,878.53,878.53,2.13,182.00,264.00,1.18,53140152
A,vacuum,baseline,baseline,128,9,0,0.00,0.00,1016.77,0.00,0.00,0.00,1016.77,1016.77,1.96,144.00,227.00,1.18,53139360
A,ta,baseline,baseline,128,9,0,0.00,0.00,770.54,0.00,0.00,0.00,770.54,770.54,2.17,180.00,268.00,1.18,53140948
B,orig,baseline,baseline,128,9,0,0.00,0.00,1004.48,0.00,0.00,0.00,1004.48,1004.48,2.22,195.00,262.00,1.18,53143488
B,vacuum,baseline,baseline,128,9,0,0.00,0.00,1245.00,0.00,0.00,0.00,1245.00,1245.00,2.07,148.00,220.00,1.18,53143356
B,ta,baseline,baseline,128,9,0,0.00,0.00,901.38,0.00,0.00,0.00,901.38,901.38,2.18,197.00,257.00,1.18,53142360
C,orig,baseline,baseline,128,9,0,0.00,0.00,967.24,0.00,0.00,0.00,967.24,967.24,1.59,18.00,35.00,1.18,53137808
C,vacuum,baseline,baseline,128,9,0,0.00,0.00,1131.93,0.00,0.00,0.00,1131.93,1131.93,1.54,17.00,27.00,1.18,53139180
C,ta,baseline,baseline,128,9,0,0.00,0.00,1017.91,0.00,0.00,0.00,1017.91,1017.91,1.61,19.00,36.00,1.18,53139672
A,orig,2e_K10,pread,128,9,0,0.00,100.00,179.81,2575.92,144.00,2431.92,2755.73,2611.73,2.13,181.00,288.00,1.18,53138532
A,orig,2e_K10,async,128,9,0,0.00,100.00,183.51,240.95,143.05,97.90,424.46,281.41,2.12,181.00,287.00,1.18,53138760
A,orig,2e_K500,pread,128,9,0,0.00,100.00,180.41,21415.11,141.34,21273.78,21595.52,21454.19,2.04,170.00,443.00,1.18,53139004
A,orig,2e_K500,async,128,9,0,0.00,100.00,181.25,995.77,141.81,853.96,1177.02,1035.21,2.13,189.00,381.00,1.18,53139284
A,orig,2f_slru,pread,128,9,0,0.00,100.00,95.53,18243.46,143.94,18099.52,18338.99,18195.05,1.59,0.00,278.00,1.18,53140604
A,orig,2f_slru,async,128,9,0,0.00,100.00,99.09,7269.81,146.49,7123.33,7368.90,7222.42,1.60,0.00,278.00,1.18,53137908
A,vacuum,2e_K10,pread,128,9,0,0.00,100.00,185.18,2180.44,141.03,2039.41,2365.62,2224.59,1.95,137.00,248.00,1.18,53139964
A,vacuum,2e_K10,async,128,9,0,0.00,100.00,181.55,233.63,143.76,89.87,415.18,271.42,2.01,139.00,244.00,1.17,53140740
A,vacuum,2e_K500,pread,128,9,0,0.00,100.00,184.47,18825.07,144.48,18680.58,19009.54,18865.05,1.61,22.00,246.00,1.17,53143224
A,vacuum,2e_K500,async,128,9,0,0.00,100.00,185.90,975.62,143.46,832.16,1161.52,1018.06,1.99,141.00,337.00,1.17,53142972
A,vacuum,2f_slru,pread,128,9,0,0.00,100.00,97.45,14388.57,144.91,14243.66,14486.02,14341.11,1.54,0.00,214.00,1.17,53143592
A,vacuum,2f_slru,async,128,9,0,0.00,100.00,96.11,5634.60,143.16,5491.44,5730.71,5587.55,1.56,0.00,214.00,1.17,53144892
A,ta,2e_K10,pread,128,9,0,0.00,100.00,183.23,1910.16,142.39,1767.77,2093.39,1951.00,2.15,179.00,281.00,1.17,53143972
A,ta,2e_K10,async,128,9,0,0.00,100.00,180.63,264.75,142.98,121.77,445.38,302.40,2.15,179.00,280.00,1.17,53146468
A,ta,2e_K500,pread,128,9,0,0.00,100.00,178.93,17643.08,143.55,17499.53,17822.01,17678.46,2.00,143.00,428.00,1.17,53146268
A,ta,2e_K500,async,128,9,0,0.00,28.90,197.48,878.52,144.12,734.40,1076.00,931.88,2.13,189.00,388.00,1.17,53146348
A,ta,2f_slru,pread,128,9,0,0.00,100.00,95.05,17559.19,142.24,17416.95,17654.24,17512.00,1.62,0.00,279.00,1.17,53138124
A,ta,2f_slru,async,128,9,0,0.00,89.20,96.31,21129.92,752.66,20377.25,21226.23,20473.56,1.58,0.00,279.00,1.17,53127808
B,orig,2e_K10,pread,128,9,0,0.00,100.00,1601.46,11289.76,749.94,10539.83,12891.22,12141.29,3.21,195.00,273.00,1.17,53129588
B,orig,2e_K10,async,128,9,0,0.00,100.00,547.36,241.28,144.22,97.06,788.64,644.42,2.25,197.00,269.00,1.17,53126988
B,orig,2e_K500,pread,128,9,0,0.00,100.00,531.12,20141.56,143.58,19997.98,20672.68,20529.10,1.97,122.00,350.00,1.17,53129552
B,orig,2e_K500,async,128,9,0,0.00,100.00,531.00,996.98,143.09,853.89,1527.98,1384.89,2.18,190.00,336.00,1.17,53130124
B,orig,2f_slru,pread,128,9,0,0.00,100.00,95.48,18211.89,142.39,18069.51,18307.37,18164.99,1.57,0.00,278.00,1.15,53132532
B,orig,2f_slru,async,128,9,0,0.00,100.00,97.36,7202.32,143.58,7058.74,7299.68,7156.10,1.62,0.00,278.00,1.15,53131056
B,vacuum,2e_K10,pread,128,9,0,0.00,100.00,602.33,2152.68,141.10,2011.57,2755.01,2613.90,2.04,145.00,230.00,1.15,53134116
B,vacuum,2e_K10,async,128,9,0,0.00,100.00,539.52,231.97,141.97,90.00,771.49,629.52,2.03,145.00,229.00,1.15,53134884
B,vacuum,2e_K500,pread,128,9,0,0.00,100.00,577.04,13734.36,143.56,13590.80,14311.40,14167.84,1.89,103.00,356.00,1.15,53136304
B,vacuum,2e_K500,async,128,9,0,0.00,7.00,956.57,845.08,144.11,700.97,1801.65,1657.54,2.07,143.00,288.00,1.15,53136412
B,vacuum,2f_slru,pread,128,9,0,0.00,100.00,93.77,13817.42,142.08,13675.34,13911.19,13769.11,1.57,0.00,214.00,1.15,53137700
B,vacuum,2f_slru,async,128,9,0,0.00,100.00,96.79,5481.53,143.29,5338.24,5578.32,5435.03,1.63,0.00,214.00,1.15,53138640
B,ta,2e_K10,pread,128,9,0,0.00,100.00,478.30,1974.31,141.67,1832.64,2452.61,2310.94,2.25,195.00,259.00,1.15,53139512
B,ta,2e_K10,async,128,9,0,0.00,100.00,480.28,266.51,146.34,120.17,746.79,600.45,2.23,196.00,257.00,1.15,53140032
B,ta,2e_K500,pread,128,9,0,0.00,100.00,180.58,17310.97,142.31,17168.66,17491.55,17349.24,1.70,28.00,294.00,1.15,53141468
B,ta,2e_K500,async,128,9,0,0.00,31.30,563.09,870.98,143.08,727.90,1434.07,1290.99,2.18,188.00,325.00,1.15,53141360
B,ta,2f_slru,pread,128,9,0,0.00,100.00,98.48,17541.97,172.40,17369.57,17640.45,17468.05,1.58,0.00,279.00,1.15,53142748
B,ta,2f_slru,async,128,9,0,0.00,100.00,97.73,7207.68,171.63,7036.04,7305.41,7133.77,1.65,0.00,279.00,1.15,53131284
C,orig,2e_K10,pread,128,9,0,0.00,100.00,566.03,1397.11,173.49,1223.62,1963.14,1789.65,1.59,17.00,41.00,1.15,53131184
C,orig,2e_K10,async,128,9,0,0.00,100.00,586.06,253.67,172.11,81.55,839.73,667.61,1.63,18.00,40.00,1.15,53132404
C,orig,2e_K500,pread,128,9,0,0.00,100.00,180.54,2515.04,172.13,2342.90,2695.58,2523.44,1.52,0.00,37.00,1.15,53133244
C,orig,2e_K500,async,128,9,0,0.00,67.50,174.06,660.48,171.98,488.50,834.54,662.56,1.53,0.00,37.00,1.14,53131572
C,orig,2f_slru,pread,128,9,0,0.00,100.00,92.19,2739.45,170.54,2568.91,2831.64,2661.10,1.52,0.00,37.00,1.14,53132208
C,orig,2f_slru,async,128,9,0,0.00,100.00,95.66,872.29,168.93,703.36,967.95,799.02,1.54,0.00,37.00,1.14,53131900
C,vacuum,2e_K10,pread,128,9,0,0.00,100.00,536.55,1242.36,179.59,1062.78,1778.91,1599.33,1.51,16.00,34.00,1.14,53132420
C,vacuum,2e_K10,async,128,9,0,0.00,92.90,537.45,222.89,144.40,78.49,760.34,615.94,1.53,16.00,33.00,1.14,53134016
C,vacuum,2e_K500,pread,128,9,0,0.00,100.00,183.63,2455.78,134.69,2321.09,2639.41,2504.72,1.46,0.00,30.00,1.14,53134952
C,vacuum,2e_K500,async,128,9,0,0.00,55.60,181.21,585.00,133.32,451.68,766.21,632.89,1.50,0.00,30.00,1.14,53134456
C,vacuum,2f_slru,pread,128,9,0,0.00,100.00,94.59,3055.01,134.09,2920.92,3149.60,3015.51,1.47,0.00,30.00,1.14,53134996
C,vacuum,2f_slru,async,128,9,0,0.00,100.00,93.38,733.49,129.22,604.26,826.87,697.64,1.48,0.00,30.00,1.14,53136368
C,ta,2e_K10,pread,128,9,0,0.00,100.00,550.51,1436.44,129.82,1306.62,1986.95,1857.13,1.58,17.00,39.00,1.14,53136032
C,ta,2e_K10,async,128,9,0,0.00,70.70,589.69,255.94,129.57,126.37,845.63,716.06,1.60,18.00,39.00,1.14,53136928
C,ta,2e_K500,pread,128,9,0,0.00,100.00,180.42,3457.83,130.44,3327.39,3638.25,3507.81,1.53,0.00,38.00,1.14,53136760
C,ta,2e_K500,async,128,9,0,0.00,100.00,180.37,687.20,130.06,557.14,867.57,737.51,1.53,0.00,38.00,1.14,53138264
C,ta,2f_slru,pread,128,9,0,0.00,100.00,97.77,3746.57,131.31,3615.26,3844.34,3713.03,1.54,0.00,38.00,1.14,53139052
C,ta,2f_slru,async,128,9,0,0.00,100.00,94.19,974.17,129.40,844.77,1068.36,938.96,1.54,0.00,38.00,1.14,53139296
A,orig,baseline,baseline,128,10,0,0.00,0.00,942.13,0.00,0.00,0.00,942.13,942.13,2.12,182.00,264.00,1.14,53140036
A,vacuum,baseline,baseline,128,10,0,0.00,0.00,1091.99,0.00,0.00,0.00,1091.99,1091.99,2.01,144.00,228.00,1.14,53140048
A,ta,baseline,baseline,128,10,0,0.00,0.00,795.78,0.00,0.00,0.00,795.78,795.78,2.16,180.00,268.00,1.14,53139692
B,orig,baseline,baseline,128,10,0,0.00,0.00,868.09,0.00,0.00,0.00,868.09,868.09,2.15,195.00,262.00,1.21,53130172
B,vacuum,baseline,baseline,128,10,0,0.00,0.00,1162.66,0.00,0.00,0.00,1162.66,1162.66,2.05,148.00,220.00,1.21,53133568
B,ta,baseline,baseline,128,10,0,0.00,0.00,976.83,0.00,0.00,0.00,976.83,976.83,2.20,197.00,257.00,1.21,53135116
C,orig,baseline,baseline,128,10,0,0.00,0.00,996.27,0.00,0.00,0.00,996.27,996.27,1.57,18.00,35.00,1.21,53135332
C,vacuum,baseline,baseline,128,10,0,0.00,0.00,1161.13,0.00,0.00,0.00,1161.13,1161.13,1.53,17.00,27.00,1.21,53136460
C,ta,baseline,baseline,128,10,0,0.00,0.00,1015.78,0.00,0.00,0.00,1015.78,1015.78,1.62,19.00,36.00,1.21,53137244
A,orig,2e_K10,pread,128,10,0,0.00,100.00,178.66,2629.41,142.68,2486.73,2808.07,2665.39,2.12,181.00,287.00,1.21,53137020
A,orig,2e_K10,async,128,10,0,0.00,100.00,184.44,240.35,144.32,96.03,424.79,280.47,2.14,181.00,287.00,1.21,53138248
A,orig,2e_K500,pread,128,10,0,0.00,100.00,180.41,22065.88,144.99,21920.88,22246.29,22101.29,2.06,170.00,443.00,1.21,53138708
A,orig,2e_K500,async,128,10,0,0.00,100.00,183.09,996.03,143.57,852.46,1179.12,1035.55,2.11,189.00,387.00,1.21,53138376
A,orig,2f_slru,pread,128,10,0,0.00,100.00,95.92,17647.40,141.34,17506.07,17743.32,17601.99,1.54,0.00,278.00,1.21,53140212
A,orig,2f_slru,async,128,10,0,0.00,100.00,99.16,7212.82,143.94,7068.88,7311.98,7168.04,1.58,0.00,278.00,1.21,53137952
A,vacuum,2e_K10,pread,128,10,0,0.00,100.00,180.79,2186.99,143.63,2043.36,2367.78,2224.15,2.00,137.00,247.00,1.21,53140632
A,vacuum,2e_K10,async,128,10,0,0.00,100.00,179.38,239.67,143.05,96.62,419.05,276.00,1.97,139.00,244.00,1.21,53140868
A,vacuum,2e_K500,pread,128,10,0,0.00,100.00,186.78,18383.93,141.69,18242.24,18570.71,18429.02,1.62,22.00,245.00,1.21,53140728
A,vacuum,2e_K500,async,128,10,0,0.00,100.00,181.02,977.36,144.54,832.82,1158.38,1013.84,1.96,141.00,334.00,1.21,53140996
A,vacuum,2f_slru,pread,128,10,0,0.00,100.00,96.00,13946.56,142.20,13804.36,14042.56,13900.36,1.53,0.00,214.00,1.21,53141464
A,vacuum,2f_slru,async,128,10,0,0.00,100.00,96.30,5587.10,143.18,5443.92,5683.40,5540.22,1.58,0.00,214.00,1.19,53142692
A,ta,2e_K10,pread,128,10,0,0.00,100.00,180.67,1996.94,143.19,1853.75,2177.61,2034.42,2.13,179.00,281.00,1.19,53142660
A,ta,2e_K10,async,128,10,0,0.00,77.40,181.94,262.58,141.06,121.52,444.52,303.46,2.12,179.00,280.00,1.19,53142744
A,ta,2e_K500,pread,128,10,0,0.00,100.00,182.56,17513.08,141.68,17371.40,17695.64,17553.96,2.01,143.00,427.00,1.19,53133240
A,ta,2e_K500,async,128,10,0,0.00,27.80,185.65,890.22,144.52,745.70,1075.87,931.35,2.13,189.00,385.00,1.19,53132376
A,ta,2f_slru,pread,128,10,0,0.00,100.00,95.93,18019.32,145.28,17874.04,18115.25,17969.97,1.54,0.00,279.00,1.19,53134344
A,ta,2f_slru,async,128,10,0,0.00,100.00,99.39,7203.07,135.72,7067.34,7302.46,7166.73,1.57,0.00,279.00,1.19,53131920
B,orig,2e_K10,pread,128,10,0,0.00,100.00,541.17,2700.61,141.29,2559.32,3241.78,3100.49,2.23,195.00,273.00,1.19,53135608
B,orig,2e_K10,async,128,10,0,0.00,100.00,501.57,236.49,140.40,96.08,738.06,597.65,2.23,197.00,269.00,1.19,53135900
B,orig,2e_K500,pread,128,10,0,0.00,100.00,495.80,19799.03,143.20,19655.83,20294.83,20151.63,1.97,122.00,350.00,1.19,53136764
B,orig,2e_K500,async,128,10,0,0.00,100.00,531.13,996.68,143.66,853.02,1527.81,1384.15,2.17,190.00,337.00,1.19,53137196
B,orig,2f_slru,pread,128,10,0,0.00,100.00,94.86,18817.56,142.43,18675.13,18912.42,18769.99,1.57,0.00,278.00,1.19,53136864
B,orig,2f_slru,async,128,10,0,0.00,100.00,97.44,7195.08,139.76,7055.32,7292.52,7152.76,1.60,0.00,278.00,1.19,53134852
B,vacuum,2e_K10,pread,128,10,0,0.00,100.00,603.22,2169.71,148.61,2021.10,2772.93,2624.32,2.10,145.00,230.00,1.19,53137604
B,vacuum,2e_K10,async,128,10,0,0.00,100.00,607.62,234.62,144.99,89.63,842.24,697.25,2.10,145.00,229.00,1.19,53137416
B,vacuum,2e_K500,pread,128,10,0,0.00,100.00,566.98,13488.23,142.98,13345.25,14055.21,13912.23,1.90,103.00,353.00,1.19,53136620
B,vacuum,2e_K500,async,128,10,0,0.00,14.30,526.42,854.03,142.26,711.78,1380.45,1238.20,2.04,143.00,288.00,1.18,53137156
B,vacuum,2f_slru,pread,128,10,0,0.00,100.00,95.48,13508.98,143.55,13365.43,13604.46,13460.91,1.59,0.00,214.00,1.18,53134496
B,vacuum,2f_slru,async,128,10,0,0.00,100.00,96.83,5491.10,143.33,5347.77,5587.93,5444.60,1.63,0.00,214.00,1.18,53134892
B,ta,2e_K10,pread,128,10,0,0.00,100.00,482.13,1926.02,143.00,1783.02,2408.15,2265.15,2.24,195.00,259.00,1.18,53136364
B,ta,2e_K10,async,128,10,0,0.00,66.00,481.18,261.43,142.98,118.45,742.61,599.63,2.22,196.00,257.00,1.18,53137520
B,ta,2e_K500,pread,128,10,0,0.00,100.00,181.98,17891.34,140.93,17750.42,18073.32,17932.40,1.69,28.00,294.00,1.18,53136656
B,ta,2e_K500,async,128,10,0,0.00,42.40,478.50,869.66,144.13,725.53,1348.16,1204.03,2.19,188.00,326.00,1.18,53123744
B,ta,2f_slru,pread,128,10,0,0.00,100.00,98.25,17415.03,172.43,17242.59,17513.28,17340.84,1.62,0.00,279.00,1.18,53137104
B,ta,2f_slru,async,128,10,0,0.00,100.00,100.06,7187.79,172.72,7015.06,7287.85,7115.12,1.63,0.00,279.00,1.18,53134804
C,orig,2e_K10,pread,128,10,0,0.00,100.00,495.87,1260.01,137.96,1122.05,1755.88,1617.92,1.58,17.00,41.00,1.18,53136408
C,orig,2e_K10,async,128,10,0,0.00,100.00,583.69,206.66,129.33,77.33,790.35,661.02,1.60,18.00,40.00,1.18,53138172
C,orig,2e_K500,pread,128,10,0,0.00,100.00,183.08,2404.06,130.32,2273.73,2587.14,2456.81,1.52,0.00,37.00,1.18,53137788
C,orig,2e_K500,async,128,10,0,0.00,65.40,180.92,615.00,127.70,487.31,795.92,668.23,1.53,0.00,37.00,1.18,53138304
C,orig,2f_slru,pread,128,10,0,0.00,100.00,92.61,2818.15,130.50,2687.65,2910.76,2780.26,1.55,0.00,37.00,1.18,53138520
C,orig,2f_slru,async,128,10,0,0.00,100.00,98.87,879.03,132.06,746.97,977.90,845.84,1.53,0.00,37.00,1.18,53139372
C,vacuum,2e_K10,pread,128,10,0,0.00,100.00,413.63,1354.45,179.57,1174.88,1768.08,1588.51,1.56,16.00,34.00,1.18,53139392
C,vacuum,2e_K10,async,128,10,0,0.00,100.00,533.05,210.62,131.38,79.24,743.67,612.29,1.52,16.00,33.00,1.18,53139356
C,vacuum,2e_K500,pread,128,10,0,0.00,100.00,181.56,2428.16,172.94,2255.22,2609.72,2436.78,1.46,0.00,30.00,1.16,53141308
C,vacuum,2e_K500,async,128,10,0,0.00,45.60,181.43,614.24,172.49,441.74,795.67,623.17,1.48,0.00,30.00,1.16,53142420
C,vacuum,2f_slru,pread,128,10,0,0.00,100.00,95.78,3018.18,171.43,2846.75,3113.96,2942.53,1.47,0.00,30.00,1.16,53143128
C,vacuum,2f_slru,async,128,10,0,0.00,100.00,94.41,736.04,172.19,563.85,830.45,658.26,1.48,0.00,30.00,1.16,53142844
C,ta,2e_K10,pread,128,10,0,0.00,100.00,551.15,1558.44,171.81,1386.63,2109.59,1937.78,1.59,17.00,39.00,1.16,53144360
C,ta,2e_K10,async,128,10,0,0.00,70.70,583.89,296.93,171.41,125.52,880.82,709.41,1.61,18.00,39.00,1.16,53144748
C,ta,2e_K500,pread,128,10,0,0.00,100.00,180.75,3511.17,168.21,3342.96,3691.92,3523.71,1.54,0.00,38.00,1.16,53141788
C,ta,2e_K500,async,128,10,0,0.00,100.00,184.05,769.16,172.18,596.98,953.21,781.03,1.55,0.00,38.00,1.16,53142612
C,ta,2f_slru,pread,128,10,0,0.00,100.00,95.00,3598.72,170.08,3428.64,3693.72,3523.64,1.55,0.00,38.00,1.16,53141728
C,ta,2f_slru,async,128,10,0,0.00,100.00,98.92,1032.45,170.44,862.01,1131.37,960.93,1.53,0.00,38.00,1.16,53143060
A,orig,baseline,baseline,128,11,0,0.00,0.00,939.40,0.00,0.00,0.00,939.40,939.40,2.15,182.00,264.00,1.16,53143192
A,vacuum,baseline,baseline,128,11,0,0.00,0.00,1015.60,0.00,0.00,0.00,1015.60,1015.60,1.98,144.00,227.00,1.16,53136716
A,ta,baseline,baseline,128,11,0,0.00,0.00,790.78,0.00,0.00,0.00,790.78,790.78,2.16,180.00,268.00,1.16,53143624
B,orig,baseline,baseline,128,11,0,0.00,0.00,1008.39,0.00,0.00,0.00,1008.39,1008.39,2.21,195.00,262.00,1.16,53144404
B,vacuum,baseline,baseline,128,11,0,0.00,0.00,1151.82,0.00,0.00,0.00,1151.82,1151.82,2.08,148.00,220.00,1.16,53144736
B,ta,baseline,baseline,128,11,0,0.00,0.00,949.55,0.00,0.00,0.00,949.55,949.55,2.25,197.00,257.00,1.16,53146456
C,orig,baseline,baseline,128,11,0,0.00,0.00,921.48,0.00,0.00,0.00,921.48,921.48,1.59,18.00,35.00,1.16,53146656
C,vacuum,baseline,baseline,128,11,0,0.00,0.00,1131.87,0.00,0.00,0.00,1131.87,1131.87,1.53,17.00,27.00,1.16,53146028
C,ta,baseline,baseline,128,11,0,0.00,0.00,1003.59,0.00,0.00,0.00,1003.59,1003.59,1.60,19.00,36.00,1.15,53146288
A,orig,2e_K10,pread,128,11,0,0.00,100.00,177.96,2651.21,143.89,2507.32,2829.17,2685.28,2.11,181.00,287.00,1.15,53146044
A,orig,2e_K10,async,128,11,0,0.00,100.00,179.76,242.10,143.79,98.31,421.86,278.07,2.13,181.00,287.00,1.15,53146036
A,orig,2e_K500,pread,128,11,0,0.00,100.00,181.01,21273.26,140.69,21132.57,21454.27,21313.58,2.09,170.00,443.00,1.15,53144372
A,orig,2e_K500,async,128,11,0,0.00,100.00,180.56,1010.78,143.78,867.00,1191.34,1047.56,2.10,189.00,383.00,1.15,53144904
A,orig,2f_slru,pread,128,11,0,0.00,100.00,94.54,18172.61,143.26,18029.35,18267.15,18123.89,1.55,0.00,278.00,1.15,53145764
A,orig,2f_slru,async,128,11,0,0.00,100.00,98.38,7148.09,144.17,7003.92,7246.47,7102.30,1.56,0.00,278.00,1.15,53143368
A,vacuum,2e_K10,pread,128,11,0,0.00,100.00,180.76,2148.00,134.65,2013.34,2328.76,2194.10,1.97,137.00,247.00,1.15,53143308
A,vacuum,2e_K10,async,128,11,0,0.00,100.00,176.72,230.85,142.47,88.39,407.57,265.11,2.02,139.00,244.00,1.15,53143188
A,vacuum,2e_K500,pread,128,11,0,0.00,100.00,181.72,19077.58,142.42,18935.16,19259.30,19116.88,1.63,22.00,246.00,1.15,53142936
A,vacuum,2e_K500,async,128,11,0,0.00,100.00,182.22,1039.44,142.37,897.08,1221.66,1079.30,1.98,141.00,332.00,1.15,53142864
A,vacuum,2f_slru,pread,128,11,0,0.00,100.00,94.28,13349.52,142.27,13207.25,13443.80,13301.53,1.52,0.00,214.00,1.15,53142888
A,vacuum,2f_slru,async,128,11,0,0.00,100.00,96.55,5566.72,143.81,5422.91,5663.27,5519.46,1.55,0.00,214.00,1.15,53143744
A,ta,2e_K10,pread,128,11,0,0.00,100.00,180.67,1873.97,141.74,1732.23,2054.64,1912.90,2.12,179.00,281.00,1.15,53145584
A,ta,2e_K10,async,128,11,0,0.00,62.30,181.14,284.87,142.27,142.60,466.01,323.74,2.12,179.00,280.00,1.15,53146836
A,ta,2e_K500,pread,128,11,0,0.00,100.00,181.10,17697.87,141.17,17556.70,17878.97,17737.80,2.00,143.00,429.00,1.15,53146632
A,ta,2e_K500,async,128,11,0,0.00,14.90,194.09,863.93,144.21,719.72,1058.02,913.81,2.19,189.00,386.00,1.14,53147036
A,ta,2f_slru,pread,128,11,0,0.00,100.00,97.91,17582.62,144.47,17438.15,17680.53,17536.06,1.59,0.00,279.00,1.14,53149172
A,ta,2f_slru,async,128,11,0,0.00,100.00,95.61,7187.41,142.68,7044.73,7283.02,7140.34,1.60,0.00,279.00,1.14,53146556
B,orig,2e_K10,pread,128,11,0,0.00,100.00,542.93,2702.91,141.84,2561.07,3245.84,3104.00,2.20,195.00,273.00,1.14,53148844
B,orig,2e_K10,async,128,11,0,0.00,100.00,576.35,241.35,144.72,96.63,817.70,672.98,2.22,197.00,269.00,1.14,53149368
B,orig,2e_K500,pread,128,11,0,0.00,100.00,491.54,19377.08,142.52,19234.56,19868.62,19726.10,2.02,122.00,348.00,1.14,53149140
B,orig,2e_K500,async,128,11,0,0.00,100.00,491.83,1005.13,143.62,861.51,1496.96,1353.34,2.19,190.00,338.00,1.14,53148188
B,orig,2f_slru,pread,128,11,0,0.00,100.00,96.67,18552.53,143.92,18408.61,18649.20,18505.28,1.62,0.00,278.00,1.14,53149028
B,orig,2f_slru,async,128,11,0,0.00,100.00,98.52,7116.91,143.85,6973.06,7215.43,7071.58,1.62,0.00,278.00,1.14,53148988
B,vacuum,2e_K10,pread,128,11,0,0.00,100.00,602.02,2156.26,141.73,2014.54,2758.28,2616.56,2.07,145.00,230.00,1.14,53150104
B,vacuum,2e_K10,async,128,11,0,0.00,100.00,608.61,233.24,143.05,90.19,841.85,698.80,2.09,145.00,229.00,1.14,53150516
B,vacuum,2e_K500,pread,128,11,0,0.00,100.00,553.54,13680.03,144.28,13535.75,14233.57,14089.29,1.92,103.00,357.00,1.14,53150264
B,vacuum,2e_K500,async,128,11,0,0.00,15.40,902.61,863.87,142.36,721.51,1766.48,1624.12,2.04,143.00,288.00,1.14,53150568
B,vacuum,2f_slru,pread,128,11,0,0.00,100.00,95.14,14511.46,141.98,14369.48,14606.60,14464.62,1.59,0.00,214.00,1.14,53150984
B,vacuum,2f_slru,async,128,11,0,0.00,100.00,97.23,5455.42,143.55,5311.87,5552.65,5409.10,1.63,0.00,214.00,1.14,53151632
B,ta,2e_K10,pread,128,11,0,0.00,100.00,486.29,1970.58,142.86,1827.72,2456.87,2314.01,2.23,195.00,259.00,1.14,53150540
B,ta,2e_K10,async,128,11,0,0.00,100.00,479.32,268.34,141.18,127.17,747.66,606.49,2.25,196.00,257.00,1.29,53145980
B,ta,2e_K500,pread,128,11,0,0.00,100.00,182.75,17800.86,143.93,17656.93,17983.61,17839.68,1.74,28.00,294.00,1.29,53147064
B,ta,2e_K500,async,128,11,0,0.00,21.10,798.16,846.04,140.90,705.14,1644.20,1503.30,2.17,188.00,325.00,1.29,53146004
B,ta,2f_slru,pread,128,11,0,0.00,100.00,96.01,17114.50,171.47,16943.03,17210.51,17039.04,1.60,0.00,279.00,1.29,53148880
B,ta,2f_slru,async,128,11,0,0.00,100.00,98.17,7176.67,170.94,7005.73,7274.84,7103.90,1.64,0.00,279.00,1.29,53148804
C,orig,2e_K10,pread,128,11,0,0.00,100.00,566.25,1351.42,170.84,1180.58,1917.67,1746.83,1.62,17.00,41.00,1.29,53148912
C,orig,2e_K10,async,128,11,0,0.00,100.00,583.12,248.94,170.20,78.74,832.06,661.86,1.60,18.00,40.00,1.29,53149260
C,orig,2e_K500,pread,128,11,0,0.00,100.00,180.34,2450.22,170.39,2279.82,2630.56,2460.16,1.55,0.00,37.00,1.29,53151216
C,orig,2e_K500,async,128,11,0,0.00,59.20,181.69,651.11,168.02,483.10,832.80,664.79,1.59,0.00,37.00,1.29,53151156
C,orig,2f_slru,pread,128,11,0,0.00,100.00,90.38,2744.87,170.15,2574.72,2835.25,2665.10,1.53,0.00,37.00,1.29,53151848
C,orig,2f_slru,async,128,11,0,0.00,100.00,95.45,916.35,167.87,748.49,1011.80,843.94,1.57,0.00,37.00,1.29,53152760
C,vacuum,2e_K10,pread,128,11,0,0.00,100.00,539.04,1300.11,129.78,1170.33,1839.15,1709.37,1.54,16.00,34.00,1.29,53152376
C,vacuum,2e_K10,async,128,11,0,0.00,92.90,525.13,207.86,129.13,78.73,732.99,603.86,1.56,16.00,33.00,1.29,53152428
C,vacuum,2e_K500,pread,128,11,0,0.00,100.00,176.98,2435.46,130.06,2305.40,2612.44,2482.38,1.48,0.00,30.00,1.29,53151060
C,vacuum,2e_K500,async,128,11,0,0.00,56.20,181.01,583.49,132.92,450.57,764.50,631.58,1.49,0.00,30.00,1.29,53151892
C,vacuum,2f_slru,pread,128,11,0,0.00,100.00,98.09,3884.49,134.25,3750.24,3982.58,3848.33,1.49,0.00,30.00,1.29,53152260
C,vacuum,2f_slru,async,128,11,0,0.00,100.00,95.91,704.68,134.48,570.20,800.59,666.11,1.50,0.00,30.00,1.29,53153412
C,ta,2e_K10,pread,128,11,0,0.00,100.00,553.03,1728.20,135.01,1593.18,2281.23,2146.21,1.65,17.00,39.00,1.29,53152780
C,ta,2e_K10,async,128,11,0,0.00,69.00,519.96,251.81,127.92,123.89,771.77,643.85,1.61,18.00,39.00,1.26,53152872
C,ta,2e_K500,pread,128,11,0,0.00,100.00,180.75,3410.47,129.46,3281.01,3591.22,3461.76,1.57,0.00,38.00,1.26,53153576
C,ta,2e_K500,async,128,11,0,0.00,100.00,180.03,734.01,129.54,604.47,914.04,784.50,1.59,0.00,38.00,1.26,53127540
C,ta,2f_slru,pread,128,11,0,0.00,100.00,91.94,3677.34,127.84,3549.50,3769.28,3641.44,1.54,0.00,38.00,1.26,53127828
C,ta,2f_slru,async,128,11,0,0.00,100.00,92.83,1019.52,129.40,890.11,1112.35,982.94,1.57,0.00,38.00,1.26,53119380
