seed,workload,db,strategy,arm,n,ra_kb,fq_median,fq_p95,fq_min,fq_stdev,delivery_pct_median,preproc_us_median,open_us_median,deliver_us_median,e2e_median,e2e_warm_median,cold_pct_max
1,A,orig,2e_K10,async,10,128,357.44,419.52,325.39,28.15,100.0,231.53,130.63,100.64,588.45,458.18,0.0
1,A,orig,2e_K10,pread,10,128,181.81,187.83,170.56,4.60,100.0,2614.54,129.56,2486.62,2794.54,2666.62,0.0
1,A,orig,2f_top14,async,10,128,361.39,386.84,334.20,16.96,100.0,215.41,133.50,81.12,583.18,445.94,0.0
1,A,orig,2f_top14,pread,10,128,387.16,403.62,372.80,10.05,100.0,1352.14,129.84,1221.17,1745.86,1615.04,0.0
1,A,orig,2f_top28,async,10,128,362.09,395.59,331.83,21.03,100.0,230.89,129.79,100.77,598.88,465.19,0.0
1,A,orig,2f_top28,pread,10,128,357.50,411.84,325.39,31.90,100.0,2559.38,129.45,2431.26,2888.22,2759.65,0.0
1,A,orig,baseline,baseline,10,128,510.44,513.83,445.25,19.82,0.0,0.00,0.00,0.00,510.44,510.44,0.0
1,A,orig,learned_markov_14,async,10,128,354.54,388.87,324.70,23.29,100.0,251.24,171.35,79.97,604.23,434.21,0.0
1,A,orig,learned_markov_14,pread,10,128,359.19,408.05,327.21,35.04,100.0,1396.95,171.62,1222.48,1756.59,1581.97,0.0
1,A,orig,learned_markov_28,async,10,128,359.29,408.26,354.17,22.59,100.0,229.31,129.69,99.67,592.12,459.63,0.0
1,A,orig,learned_markov_28,pread,10,128,359.52,408.18,355.59,24.07,100.0,2667.81,128.97,2538.65,3033.89,2902.72,0.0
1,B,orig,2e_K10,async,10,128,409.56,415.36,402.13,4.29,100.0,275.77,175.31,99.78,686.89,511.10,0.0
1,B,orig,2e_K10,pread,10,128,410.86,432.03,405.06,11.03,100.0,2821.58,173.93,2648.98,3234.12,3060.39,0.0
1,B,orig,2f_top14,async,10,128,411.70,437.97,398.95,13.63,100.0,210.94,129.61,81.19,625.38,492.02,0.0
1,B,orig,2f_top14,pread,10,128,412.62,420.03,409.63,3.48,100.0,1394.22,130.91,1263.31,1808.89,1679.22,0.0
1,B,orig,2f_top28,async,10,128,409.44,416.19,404.47,3.56,100.0,229.36,129.95,99.31,639.52,508.96,0.0
1,B,orig,2f_top28,pread,10,128,413.04,422.74,402.08,6.56,100.0,2566.73,130.11,2437.79,2978.88,2849.93,0.0
1,B,orig,baseline,baseline,10,128,737.77,747.45,731.60,5.79,0.0,0.00,0.00,0.00,737.77,737.77,0.0
1,B,orig,learned_markov_14,async,10,128,412.73,418.15,404.62,4.69,100.0,211.33,130.42,80.40,627.09,495.17,0.0
1,B,orig,learned_markov_14,pread,10,128,411.40,448.36,403.46,16.08,100.0,1404.60,129.80,1275.28,1814.26,1684.68,0.0
1,B,orig,learned_markov_28,async,10,128,412.94,420.03,404.20,4.33,100.0,229.99,130.68,98.15,642.65,512.21,0.0
1,B,orig,learned_markov_28,pread,10,128,406.53,415.24,400.07,5.56,100.0,2467.49,129.63,2335.41,2867.89,2738.24,0.0
1,C,orig,2e_K10,async,10,128,181.49,182.97,178.24,1.65,100.0,208.73,129.25,79.78,390.06,260.50,0.0
1,C,orig,2e_K10,pread,10,128,179.68,183.02,176.92,1.91,100.0,1335.41,129.87,1206.47,1513.03,1384.08,0.0
1,C,orig,2f_top14,async,10,128,180.62,200.16,175.80,10.43,100.0,209.36,129.49,79.66,391.56,260.23,0.0
1,C,orig,2f_top14,pread,10,128,180.06,185.02,177.85,2.45,100.0,1236.47,130.37,1104.73,1418.29,1286.55,0.0
1,C,orig,2f_top28,async,10,128,180.33,193.59,177.99,6.07,100.0,223.37,128.59,95.28,406.10,276.15,0.0
1,C,orig,2f_top28,pread,10,128,179.88,186.78,177.57,3.60,100.0,1225.68,128.87,1098.93,1405.56,1278.99,0.0
1,C,orig,baseline,baseline,10,128,1072.51,1092.00,1068.08,10.12,0.0,0.00,0.00,0.00,1072.51,1072.51,0.0
1,C,orig,learned_markov_14,async,10,128,180.61,185.91,177.28,2.82,100.0,208.20,129.04,78.67,389.60,260.77,0.0
1,C,orig,learned_markov_14,pread,10,128,179.26,187.88,177.75,3.75,100.0,1221.00,130.60,1088.69,1400.99,1267.76,0.0
1,C,orig,learned_markov_28,async,10,128,179.87,184.04,176.36,2.43,100.0,227.34,130.31,96.28,406.75,276.17,0.0
1,C,orig,learned_markov_28,pread,10,128,180.56,184.32,177.12,2.12,100.0,1196.35,129.49,1067.58,1376.36,1247.59,0.0
2,A,orig,2e_K10,async,10,128,518.10,581.24,511.83,29.18,100.0,229.47,129.55,100.32,749.99,619.66,0.0
2,A,orig,2e_K10,pread,10,128,516.23,590.21,494.94,39.40,100.0,2717.89,130.15,2584.97,3235.30,3102.79,0.0
2,A,orig,2f_top14,async,10,128,551.09,584.81,512.21,33.90,100.0,209.94,129.53,80.47,761.74,632.83,0.0
2,A,orig,2f_top14,pread,10,128,556.21,600.59,511.48,35.37,100.0,1386.11,130.25,1252.40,1953.42,1823.17,0.0
2,A,orig,2f_top28,async,10,128,550.53,603.34,481.44,38.56,100.0,231.89,131.31,100.59,780.28,650.14,0.0
2,A,orig,2f_top28,pread,10,128,521.24,577.54,478.31,29.28,100.0,2593.84,130.05,2460.80,3116.15,2984.59,0.0
2,A,orig,baseline,baseline,10,128,844.01,877.22,777.63,30.41,0.0,0.00,0.00,0.00,844.01,844.01,0.0
2,A,orig,learned_markov_14,async,10,128,565.52,587.03,511.21,34.43,100.0,224.74,141.69,83.34,789.46,647.91,0.0
2,A,orig,learned_markov_14,pread,10,128,557.94,584.49,513.98,28.34,100.0,1396.70,141.80,1254.82,1957.86,1814.93,0.0
2,A,orig,learned_markov_28,async,10,128,521.20,586.93,516.74,32.29,100.0,231.30,129.97,101.33,753.92,622.50,0.0
2,A,orig,learned_markov_28,pread,10,128,520.74,587.07,513.25,33.22,100.0,2671.02,129.80,2541.28,3201.96,3073.03,0.0
2,B,orig,2e_K10,async,10,128,658.47,671.76,501.66,49.79,100.0,229.59,129.93,100.63,887.43,759.84,0.0
2,B,orig,2e_K10,pread,10,128,650.10,665.66,600.97,20.67,100.0,2706.21,130.50,2571.34,3352.93,3222.68,0.0
2,B,orig,2f_top14,async,10,128,632.65,664.25,498.42,44.99,100.0,212.69,130.41,82.44,845.07,715.22,0.0
2,B,orig,2f_top14,pread,10,128,640.08,666.05,530.16,40.47,100.0,1378.57,129.38,1248.15,2015.68,1884.56,0.0
2,B,orig,2f_top28,async,10,128,637.31,670.13,496.34,48.57,100.0,232.70,130.98,100.55,874.03,736.88,0.0
2,B,orig,2f_top28,pread,10,128,634.41,666.26,628.05,15.24,100.0,2550.68,130.31,2420.09,3188.75,3058.09,0.0
2,B,orig,baseline,baseline,10,128,969.77,998.74,868.82,45.28,0.0,0.00,0.00,0.00,969.77,969.77,0.0
2,B,orig,learned_markov_14,async,10,128,631.08,670.70,527.50,39.77,100.0,213.17,130.28,81.91,847.01,713.74,0.0
2,B,orig,learned_markov_14,pread,10,128,621.97,635.08,566.37,20.96,100.0,1374.16,129.87,1244.97,1987.76,1855.66,0.0
2,B,orig,learned_markov_28,async,10,128,520.08,560.70,496.37,20.23,100.0,231.05,129.53,100.59,758.61,620.50,0.0
2,B,orig,learned_markov_28,pread,10,128,549.80,572.70,507.87,20.69,100.0,2578.73,130.12,2449.49,3128.17,2998.22,0.0
2,C,orig,2e_K10,async,10,128,550.28,654.03,532.01,43.88,100.0,210.50,129.36,79.41,761.98,629.82,0.0
2,C,orig,2e_K10,pread,10,128,563.10,635.41,528.90,34.98,100.0,1285.82,131.19,1154.41,1849.88,1719.56,0.0
2,C,orig,2f_top14,async,10,128,553.56,669.33,509.69,54.32,100.0,210.96,130.58,79.06,767.79,633.60,0.0
2,C,orig,2f_top14,pread,10,128,581.52,618.36,511.97,33.15,100.0,1162.22,129.19,1032.72,1719.01,1589.52,0.0
2,C,orig,2f_top28,async,10,128,552.90,589.68,534.26,19.78,100.0,225.57,130.32,96.08,780.15,649.86,0.0
2,C,orig,2f_top28,pread,10,128,590.45,686.12,558.28,48.56,100.0,1177.32,130.01,1047.25,1759.81,1629.30,0.0
2,C,orig,baseline,baseline,10,128,956.57,1012.26,907.99,38.38,0.0,0.00,0.00,0.00,956.57,956.57,0.0
2,C,orig,learned_markov_14,async,10,128,550.94,593.06,513.54,25.48,100.0,208.32,128.98,79.33,761.38,633.04,0.0
2,C,orig,learned_markov_14,pread,10,128,562.29,594.87,536.79,16.34,100.0,1151.93,129.71,1023.74,1726.42,1597.57,0.0
2,C,orig,learned_markov_28,async,10,128,555.73,667.60,533.06,55.81,100.0,226.09,130.01,96.07,792.31,655.94,0.0
2,C,orig,learned_markov_28,pread,10,128,567.03,668.25,524.69,48.96,100.0,1170.87,129.55,1040.43,1744.80,1610.63,0.0
3,A,orig,2e_K10,async,10,128,510.44,558.37,440.96,31.91,100.0,282.75,183.11,100.37,793.18,610.30,0.0
3,A,orig,2e_K10,pread,10,128,503.31,574.83,470.57,33.59,100.0,2744.36,184.85,2564.15,3255.94,3072.55,0.0
3,A,orig,2f_top14,async,10,128,505.90,512.54,470.53,16.26,100.0,264.11,181.88,81.80,769.91,588.13,0.0
3,A,orig,2f_top14,pread,10,128,473.27,513.70,444.05,24.89,100.0,1432.16,184.94,1248.37,1902.12,1719.82,0.0
3,A,orig,2f_top28,async,10,128,500.27,547.40,448.97,32.39,100.0,282.00,181.97,100.70,784.01,600.21,0.0
3,A,orig,2f_top28,pread,10,128,506.92,547.05,441.20,32.50,100.0,2576.16,182.09,2392.39,3086.43,2900.40,0.0
3,A,orig,baseline,baseline,10,128,889.88,931.02,844.87,31.10,0.0,0.00,0.00,0.00,889.88,889.88,0.0
3,A,orig,learned_markov_14,async,10,128,507.94,515.12,441.98,22.32,100.0,263.81,182.95,80.13,770.55,587.76,0.0
3,A,orig,learned_markov_14,pread,10,128,508.56,582.69,475.90,35.01,100.0,1433.06,179.25,1250.62,1952.21,1770.03,0.0
3,A,orig,learned_markov_28,async,10,128,508.23,576.49,473.10,37.23,100.0,285.82,185.00,101.35,796.07,611.08,0.0
3,A,orig,learned_markov_28,pread,10,128,508.41,570.90,440.11,37.16,100.0,2714.30,184.88,2532.34,3237.78,3054.35,0.0
3,B,orig,2e_K10,async,10,128,587.18,643.27,521.43,41.27,100.0,281.76,180.64,100.23,869.85,688.18,0.0
3,B,orig,2e_K10,pread,10,128,586.95,591.08,529.55,25.24,100.0,2789.99,185.41,2604.04,3366.27,3181.67,0.0
3,B,orig,2f_top14,async,10,128,588.36,594.22,522.31,32.42,100.0,265.32,184.18,81.40,852.12,670.88,0.0
3,B,orig,2f_top14,pread,10,128,550.30,595.11,523.73,28.82,100.0,1429.43,182.32,1248.22,1974.15,1790.08,0.0
3,B,orig,2f_top28,async,10,128,589.93,597.84,538.17,22.04,100.0,283.96,182.15,102.78,875.42,693.00,0.0
3,B,orig,2f_top28,pread,10,128,586.92,593.33,530.32,18.68,100.0,2614.65,184.75,2429.61,3185.03,3000.28,0.0
3,B,orig,baseline,baseline,10,128,956.16,986.69,832.74,45.96,0.0,0.00,0.00,0.00,956.16,956.16,0.0
3,B,orig,learned_markov_14,async,10,128,589.34,599.23,529.02,25.24,100.0,266.98,185.02,81.73,854.84,671.09,0.0
3,B,orig,learned_markov_14,pread,10,128,556.57,592.61,523.12,25.31,100.0,1315.48,180.69,1131.95,1873.75,1693.06,0.0
3,B,orig,learned_markov_28,async,10,128,590.75,594.91,528.92,21.50,100.0,282.97,181.84,100.53,870.85,691.54,0.0
3,B,orig,learned_markov_28,pread,10,128,588.92,593.04,520.19,27.71,100.0,2487.55,181.39,2311.76,3074.57,2892.07,0.0
3,C,orig,2e_K10,async,10,128,179.52,195.19,172.43,7.20,100.0,264.18,184.32,79.53,442.31,260.17,0.0
3,C,orig,2e_K10,pread,10,128,179.56,185.52,176.74,2.85,100.0,1380.43,180.36,1201.34,1563.38,1383.78,0.0
3,C,orig,2f_top14,async,10,128,180.01,181.21,177.80,1.00,100.0,264.96,184.71,79.93,444.28,260.50,0.0
3,C,orig,2f_top14,pread,10,128,178.79,183.63,175.92,2.61,100.0,1238.47,181.01,1060.12,1418.21,1237.30,0.0
3,C,orig,2f_top28,async,10,128,178.68,180.77,177.35,1.16,100.0,280.62,181.63,97.41,459.15,275.74,0.0
3,C,orig,2f_top28,pread,10,128,180.06,196.55,177.48,7.51,100.0,1256.00,182.66,1075.92,1434.44,1254.37,0.0
3,C,orig,baseline,baseline,10,128,864.28,890.38,752.75,44.35,0.0,0.00,0.00,0.00,864.28,864.28,0.0
3,C,orig,learned_markov_14,async,10,128,180.46,186.85,179.26,2.76,100.0,264.24,184.74,80.41,445.64,260.92,0.0
3,C,orig,learned_markov_14,pread,10,128,179.94,192.22,177.74,6.08,100.0,1254.13,183.05,1069.39,1434.82,1250.07,0.0
3,C,orig,learned_markov_28,async,10,128,179.44,186.81,178.10,3.71,100.0,281.69,182.80,98.36,461.90,277.83,0.0
3,C,orig,learned_markov_28,pread,10,128,179.05,181.97,177.23,1.53,100.0,1242.90,183.19,1063.37,1421.97,1242.43,0.0
4,A,orig,2e_K10,async,10,128,593.93,619.43,526.15,36.92,100.0,242.64,142.05,101.72,835.73,693.76,0.0
4,A,orig,2e_K10,pread,10,128,594.25,611.84,527.91,27.21,100.0,2704.36,142.57,2559.08,3286.10,3141.57,0.0
4,A,orig,2f_top14,async,10,128,596.32,641.76,531.37,30.32,100.0,224.45,141.72,82.76,820.33,679.37,0.0
4,A,orig,2f_top14,pread,10,128,595.31,629.21,526.07,37.77,100.0,1401.50,142.19,1255.75,1987.47,1845.60,0.0
4,A,orig,2f_top28,async,10,128,597.26,643.71,592.60,20.67,100.0,245.56,142.86,103.93,843.49,701.86,0.0
4,A,orig,2f_top28,pread,10,128,600.21,630.63,595.36,12.67,100.0,2597.82,143.26,2451.66,3198.32,3057.20,0.0
4,A,orig,baseline,baseline,10,128,1028.42,1066.88,888.48,51.87,0.0,0.00,0.00,0.00,1028.42,1028.42,0.0
4,A,orig,learned_markov_14,async,10,128,596.72,645.22,529.94,38.48,100.0,225.34,144.06,83.17,820.85,678.98,0.0
4,A,orig,learned_markov_14,pread,10,128,595.39,624.96,530.52,27.78,100.0,1374.51,141.95,1233.32,1960.39,1815.30,0.0
4,A,orig,learned_markov_28,async,10,128,597.79,628.07,528.00,26.75,100.0,247.62,145.82,101.80,843.75,700.75,0.0
4,A,orig,learned_markov_28,pread,10,128,594.70,624.11,528.29,31.50,100.0,2631.98,143.20,2488.81,3237.80,3093.02,0.0
4,B,orig,2e_K10,async,10,128,531.25,560.21,524.15,13.53,100.0,247.23,143.13,104.03,777.11,634.67,0.0
4,B,orig,2e_K10,pread,10,128,529.59,572.37,464.23,39.33,100.0,2723.10,141.66,2574.15,3251.59,3110.84,0.0
4,B,orig,2f_top14,async,10,128,533.38,575.62,528.66,18.31,100.0,258.00,175.56,82.65,793.91,615.86,0.0
4,B,orig,2f_top14,pread,10,128,529.06,545.55,501.72,11.98,100.0,1433.74,176.09,1254.71,1964.36,1785.45,0.0
4,B,orig,2f_top28,async,10,128,529.82,556.61,459.15,34.95,100.0,243.54,142.02,101.55,771.32,627.79,0.0
4,B,orig,2f_top28,pread,10,128,528.75,559.55,461.51,33.10,100.0,2579.17,141.53,2431.36,3104.02,2960.55,0.0
4,B,orig,baseline,baseline,10,128,937.92,957.09,803.95,49.10,0.0,0.00,0.00,0.00,937.92,937.92,0.0
4,B,orig,learned_markov_14,async,10,128,528.81,622.03,524.10,38.71,100.0,224.26,142.34,82.31,753.29,610.72,0.0
4,B,orig,learned_markov_14,pread,10,128,530.84,609.61,469.20,41.10,100.0,1403.00,142.84,1253.76,1913.28,1767.87,0.0
4,B,orig,learned_markov_28,async,10,128,530.28,556.41,459.96,32.19,100.0,243.88,141.58,102.64,773.23,631.15,0.0
4,B,orig,learned_markov_28,pread,10,128,528.88,578.89,459.69,33.71,100.0,2495.89,142.56,2340.27,3046.41,2884.66,0.0
4,C,orig,2e_K10,async,10,128,181.35,209.05,177.65,12.49,100.0,220.81,142.31,78.78,402.76,259.56,0.0
4,C,orig,2e_K10,pread,10,128,185.06,200.61,177.69,8.02,100.0,1355.04,146.31,1212.00,1538.95,1396.27,0.0
4,C,orig,2f_top14,async,10,128,183.21,210.20,179.75,12.01,100.0,223.63,143.53,81.09,406.74,264.25,0.0
4,C,orig,2f_top14,pread,10,128,183.56,206.58,179.28,11.17,100.0,1219.37,143.03,1074.64,1405.59,1260.87,0.0
4,C,orig,2f_top28,async,10,128,181.30,208.24,178.25,12.07,100.0,239.08,143.17,96.05,420.97,277.13,0.0
4,C,orig,2f_top28,pread,10,128,182.16,216.50,179.45,14.24,100.0,1257.55,146.26,1107.10,1440.86,1294.11,0.0
4,C,orig,baseline,baseline,10,128,846.65,905.22,722.67,63.51,0.0,0.00,0.00,0.00,846.65,846.65,0.0
4,C,orig,learned_markov_14,async,10,128,182.81,221.50,178.28,17.09,100.0,224.12,143.75,80.48,406.47,262.44,0.0
4,C,orig,learned_markov_14,pread,10,128,181.07,205.89,179.31,10.38,100.0,1220.24,142.84,1074.89,1407.68,1262.38,0.0
4,C,orig,learned_markov_28,async,10,128,182.23,208.06,178.69,11.28,100.0,239.47,143.89,95.89,421.39,277.92,0.0
4,C,orig,learned_markov_28,pread,10,128,182.88,211.30,178.31,13.26,100.0,1242.28,143.33,1091.96,1426.32,1279.19,0.0
5,A,orig,2e_K10,async,10,128,182.95,189.71,177.54,3.81,100.0,275.30,173.31,102.78,457.25,286.35,0.0
5,A,orig,2e_K10,pread,10,128,183.02,186.21,180.58,1.75,100.0,2726.19,173.60,2550.97,2909.16,2732.15,0.0
5,A,orig,2f_top14,async,10,128,573.47,581.06,567.92,4.47,100.0,255.72,174.18,81.91,830.30,655.32,0.0
5,A,orig,2f_top14,pread,10,128,572.21,581.29,568.29,4.78,100.0,1427.97,175.99,1251.72,2006.19,1828.72,0.0
5,A,orig,2f_top28,async,10,128,183.92,186.40,177.17,2.83,100.0,273.13,172.06,100.28,456.02,284.19,0.0
5,A,orig,2f_top28,pread,10,128,182.34,203.34,178.86,11.08,100.0,2550.85,173.51,2375.19,2732.40,2556.75,0.0
5,A,orig,baseline,baseline,10,128,941.54,977.32,885.98,28.61,0.0,0.00,0.00,0.00,941.54,941.54,0.0
5,A,orig,learned_markov_14,async,10,128,572.55,576.31,508.05,19.60,100.0,254.38,172.69,81.02,825.77,653.03,0.0
5,A,orig,learned_markov_14,pread,10,128,572.89,584.17,566.87,6.73,100.0,1382.29,174.31,1206.20,1952.79,1777.22,0.0
5,A,orig,learned_markov_28,async,10,128,570.94,575.39,504.50,23.05,100.0,273.44,172.09,100.72,843.80,672.35,0.0
5,A,orig,learned_markov_28,pread,10,128,570.46,574.74,502.64,27.22,100.0,2628.40,171.97,2456.39,3179.87,3008.49,0.0
5,B,orig,2e_K10,async,10,128,543.68,552.33,488.96,23.98,100.0,271.32,172.09,99.34,815.12,643.03,0.0
5,B,orig,2e_K10,pread,10,128,541.00,548.44,471.85,25.23,100.0,2736.07,173.36,2564.85,3273.72,3097.49,0.0
5,B,orig,2f_top14,async,10,128,525.77,550.06,482.49,26.58,100.0,252.90,171.68,81.41,778.84,607.35,0.0
5,B,orig,2f_top14,pread,10,128,511.44,543.88,486.41,19.92,100.0,1389.63,171.53,1216.78,1908.36,1737.83,0.0
5,B,orig,2f_top28,async,10,128,543.53,549.66,480.81,20.66,100.0,273.02,172.38,100.63,813.77,642.19,0.0
5,B,orig,2f_top28,pread,10,128,521.64,547.56,471.83,27.33,100.0,2541.82,175.25,2370.69,3060.40,2882.66,0.0
5,B,orig,baseline,baseline,10,128,955.25,2579.92,908.58,871.36,0.0,0.00,0.00,0.00,955.25,955.25,0.0
5,B,orig,learned_markov_14,async,10,128,511.84,552.11,503.13,19.88,100.0,253.68,171.59,81.81,767.36,593.80,0.0
5,B,orig,learned_markov_14,pread,10,128,509.50,577.88,503.24,28.82,100.0,1394.24,172.24,1218.76,1911.61,1737.58,0.0
5,B,orig,learned_markov_28,async,10,128,504.12,551.81,471.26,32.54,100.0,274.69,174.00,99.07,773.81,603.13,0.0
5,B,orig,learned_markov_28,pread,10,128,541.75,546.97,478.80,23.58,100.0,2555.75,172.07,2381.57,3084.84,2910.36,0.0
5,C,orig,2e_K10,async,10,128,584.86,614.85,520.67,33.80,100.0,252.84,172.97,79.82,838.13,665.17,0.0
5,C,orig,2e_K10,pread,10,128,564.58,571.38,501.22,26.08,100.0,1379.31,171.84,1208.75,1945.79,1773.97,0.0
5,C,orig,2f_top14,async,10,128,587.81,596.77,464.16,46.38,100.0,252.06,171.87,79.76,837.86,666.65,0.0
5,C,orig,2f_top14,pread,10,128,195.23,198.96,192.37,2.12,100.0,1209.56,171.78,1037.99,1404.22,1232.66,0.0
5,C,orig,2f_top28,async,10,128,181.63,186.34,180.46,2.20,100.0,271.19,173.64,96.28,453.70,278.82,0.0
5,C,orig,2f_top28,pread,10,128,182.52,199.44,179.04,8.58,100.0,1213.57,174.88,1035.86,1405.19,1231.16,0.0
5,C,orig,baseline,baseline,10,128,972.12,999.78,924.21,24.21,0.0,0.00,0.00,0.00,972.12,972.12,0.0
5,C,orig,learned_markov_14,async,10,128,535.89,590.84,427.32,63.35,100.0,251.57,172.35,79.30,790.15,615.46,0.0
5,C,orig,learned_markov_14,pread,10,128,192.69,198.61,188.78,3.18,100.0,1205.28,171.66,1034.74,1398.29,1228.27,0.0
5,C,orig,learned_markov_28,async,10,128,183.17,187.32,181.40,2.02,100.0,269.92,173.48,97.12,453.96,280.18,0.0
5,C,orig,learned_markov_28,pread,10,128,182.68,185.15,179.61,2.05,100.0,1276.93,172.67,1103.80,1459.76,1285.21,0.0
6,A,orig,2e_K10,async,10,128,181.68,186.81,179.59,2.42,100.0,276.03,176.05,99.75,457.92,281.89,0.0
6,A,orig,2e_K10,pread,10,128,180.09,182.87,179.02,1.23,100.0,2689.67,175.81,2514.65,2869.76,2694.74,0.0
6,A,orig,2f_top14,async,10,128,477.38,484.45,414.39,25.54,100.0,256.09,175.21,80.81,733.86,558.44,0.0
6,A,orig,2f_top14,pread,10,128,477.35,481.80,418.87,27.13,100.0,1390.14,173.94,1215.19,1866.84,1692.42,0.0
6,A,orig,2f_top28,async,10,128,181.58,182.95,179.69,1.09,100.0,274.69,174.69,99.49,455.36,280.73,0.0
6,A,orig,2f_top28,pread,10,128,182.36,188.57,180.25,2.80,100.0,2597.80,176.81,2419.94,2781.30,2603.81,0.0
6,A,orig,baseline,baseline,10,128,900.56,1107.26,785.92,122.18,0.0,0.00,0.00,0.00,900.56,900.56,0.0
6,A,orig,learned_markov_14,async,10,128,479.24,485.00,475.93,2.91,100.0,259.23,176.87,82.20,739.67,560.84,0.0
6,A,orig,learned_markov_14,pread,10,128,478.37,483.04,408.97,21.89,100.0,1424.09,175.41,1250.61,1905.09,1729.20,0.0
6,A,orig,learned_markov_28,async,10,128,478.89,482.33,474.54,2.67,100.0,276.16,175.72,100.17,755.62,579.88,0.0
6,A,orig,learned_markov_28,pread,10,128,477.12,480.50,470.71,2.66,100.0,2660.99,175.38,2484.31,3138.04,2960.59,0.0
6,B,orig,2e_K10,async,10,128,580.06,585.77,509.78,34.08,100.0,277.80,177.12,100.30,858.65,681.49,0.0
6,B,orig,2e_K10,pread,10,128,573.60,585.13,477.29,36.38,100.0,2680.66,176.81,2499.84,3253.19,3074.32,0.0
6,B,orig,2f_top14,async,10,128,551.72,583.11,514.05,22.89,100.0,257.95,176.16,81.39,809.11,632.99,0.0
6,B,orig,2f_top14,pread,10,128,516.39,572.72,482.82,31.84,100.0,1393.18,175.52,1214.99,1915.02,1739.64,0.0
6,B,orig,2f_top28,async,10,128,579.99,586.30,515.08,21.78,100.0,278.80,176.35,101.25,854.75,679.41,0.0
6,B,orig,2f_top28,pread,10,128,555.50,581.16,512.66,28.33,100.0,2566.14,175.38,2391.52,3106.57,2931.13,0.0
6,B,orig,baseline,baseline,10,128,960.28,990.95,915.84,21.68,0.0,0.00,0.00,0.00,960.28,960.28,0.0
6,B,orig,learned_markov_14,async,10,128,547.77,569.30,479.32,29.85,100.0,256.83,175.65,81.73,802.33,627.31,0.0
6,B,orig,learned_markov_14,pread,10,128,526.66,580.51,452.66,43.44,100.0,1407.03,176.01,1232.35,1920.79,1745.11,0.0
6,B,orig,learned_markov_28,async,10,128,524.12,583.13,484.07,32.22,100.0,275.57,176.00,99.95,801.90,625.57,0.0
6,B,orig,learned_markov_28,pread,10,128,536.14,550.52,480.38,28.68,100.0,2503.55,175.42,2325.78,3023.61,2845.69,0.0
6,C,orig,2e_K10,async,10,128,625.92,660.80,537.90,46.85,100.0,256.99,176.52,80.59,883.56,706.06,0.0
6,C,orig,2e_K10,pread,10,128,642.27,663.65,566.07,34.74,100.0,1357.95,176.30,1181.48,2000.23,1823.76,0.0
6,C,orig,2f_top14,async,10,128,564.62,662.90,530.05,45.76,100.0,258.24,178.47,79.95,823.39,645.43,0.0
6,C,orig,2f_top14,pread,10,128,640.91,677.95,563.70,37.22,100.0,1200.78,175.26,1025.70,1842.49,1667.46,0.0
6,C,orig,2f_top28,async,10,128,542.54,613.72,506.37,37.91,100.0,274.10,176.51,97.16,823.30,641.28,0.0
6,C,orig,2f_top28,pread,10,128,658.27,665.40,579.87,24.24,100.0,1251.18,175.52,1074.09,1908.86,1734.24,0.0
6,C,orig,baseline,baseline,10,128,1076.34,1089.93,1003.37,24.99,0.0,0.00,0.00,0.00,1076.34,1076.34,0.0
6,C,orig,learned_markov_14,async,10,128,628.96,701.92,515.62,72.24,100.0,255.63,175.47,80.69,885.55,710.77,0.0
6,C,orig,learned_markov_14,pread,10,128,591.58,659.93,559.50,40.29,100.0,1219.56,175.16,1044.48,1825.01,1647.67,0.0
6,C,orig,learned_markov_28,async,10,128,553.01,624.67,518.35,33.34,100.0,274.28,177.16,97.28,831.66,652.83,0.0
6,C,orig,learned_markov_28,pread,10,128,656.50,661.51,560.70,33.02,100.0,1254.67,175.84,1078.12,1915.14,1737.25,0.0
7,A,orig,2e_K10,async,10,128,592.12,597.09,561.87,14.98,100.0,273.94,173.51,100.42,866.64,692.26,0.0
7,A,orig,2e_K10,pread,10,128,589.59,596.37,561.35,14.93,100.0,2736.27,173.54,2562.97,3326.82,3147.52,0.0
7,A,orig,2f_top14,async,10,128,567.77,600.81,493.19,33.31,100.0,256.76,174.48,82.06,821.70,647.05,0.0
7,A,orig,2f_top14,pread,10,128,592.89,632.60,532.91,31.23,100.0,1421.90,174.77,1248.14,2008.68,1833.90,0.0
7,A,orig,2f_top28,async,10,128,560.29,594.89,494.77,29.90,100.0,275.06,173.86,100.15,837.89,660.58,0.0
7,A,orig,2f_top28,pread,10,128,573.36,598.25,498.58,41.73,100.0,2693.89,173.98,2516.90,3264.72,3092.87,0.0
7,A,orig,baseline,baseline,10,128,922.39,944.76,852.07,39.04,0.0,0.00,0.00,0.00,922.39,922.39,0.0
7,A,orig,learned_markov_14,async,10,128,552.99,568.85,529.68,15.90,100.0,256.88,175.07,81.66,809.62,634.27,0.0
7,A,orig,learned_markov_14,pread,10,128,554.26,568.33,533.05,13.73,100.0,1453.71,173.88,1280.71,1996.80,1822.07,0.0
7,A,orig,learned_markov_28,async,10,128,536.84,566.60,500.24,19.60,100.0,275.23,174.09,101.50,811.64,637.90,0.0
7,A,orig,learned_markov_28,pread,10,128,557.24,565.87,499.11,21.41,100.0,2720.80,174.52,2547.18,3266.92,3089.68,0.0
7,B,orig,2e_K10,async,10,128,659.98,667.02,522.75,41.67,100.0,273.24,173.99,98.69,935.12,758.55,0.0
7,B,orig,2e_K10,pread,10,128,661.88,686.57,657.24,12.56,100.0,2714.55,174.31,2540.55,3378.70,3204.70,0.0
7,B,orig,2f_top14,async,10,128,660.60,668.32,658.91,3.59,100.0,255.86,173.75,82.31,916.57,743.04,0.0
7,B,orig,2f_top14,pread,10,128,659.69,669.87,530.58,42.15,100.0,1393.14,173.81,1218.22,2035.84,1857.46,0.0
7,B,orig,2f_top28,async,10,128,661.12,671.47,597.03,26.83,100.0,273.39,173.94,99.91,934.77,761.21,0.0
7,B,orig,2f_top28,pread,10,128,659.58,664.34,628.68,9.78,100.0,2665.26,173.81,2491.16,3324.72,3152.75,0.0
7,B,orig,baseline,baseline,10,128,1032.64,1066.44,965.13,32.77,0.0,0.00,0.00,0.00,1032.64,1032.64,0.0
7,B,orig,learned_markov_14,async,10,128,662.54,666.30,595.58,22.66,100.0,255.25,173.37,82.34,917.70,744.15,0.0
7,B,orig,learned_markov_14,pread,10,128,657.89,663.72,528.37,43.36,100.0,1304.12,174.05,1129.12,1933.22,1760.01,0.0
7,B,orig,learned_markov_28,async,10,128,661.34,670.77,657.70,4.25,100.0,273.30,172.99,101.17,934.82,761.91,0.0
7,B,orig,learned_markov_28,pread,10,128,661.20,662.81,631.56,8.96,100.0,2593.47,173.42,2418.86,3248.60,3075.15,0.0
7,C,orig,2e_K10,async,10,128,658.18,670.19,543.98,45.95,100.0,253.50,173.81,79.44,911.71,737.11,0.0
7,C,orig,2e_K10,pread,10,128,648.72,669.78,626.28,17.37,100.0,1362.48,173.93,1189.22,1994.13,1821.11,0.0
7,C,orig,2f_top14,async,10,128,642.03,674.38,541.53,53.62,100.0,254.95,174.70,80.44,900.69,723.41,0.0
7,C,orig,2f_top14,pread,10,128,646.36,670.44,531.40,47.07,100.0,1250.19,174.06,1072.24,1893.61,1714.46,0.0
7,C,orig,2f_top28,async,10,128,558.09,669.41,537.20,57.46,100.0,269.35,173.49,96.05,827.48,654.33,0.0
7,C,orig,2f_top28,pread,10,128,658.75,667.34,604.44,22.16,100.0,1244.80,173.28,1069.56,1871.03,1697.41,0.0
7,C,orig,baseline,baseline,10,128,1046.07,1070.54,1016.02,18.12,0.0,0.00,0.00,0.00,1046.07,1046.07,0.0
7,C,orig,learned_markov_14,async,10,128,553.37,668.52,509.77,57.35,100.0,253.08,172.66,80.60,809.83,634.76,0.0
7,C,orig,learned_markov_14,pread,10,128,631.32,725.73,509.04,67.14,100.0,1277.42,173.24,1103.53,1907.05,1734.43,0.0
7,C,orig,learned_markov_28,async,10,128,639.67,669.41,543.98,44.59,100.0,272.10,175.07,96.86,914.12,738.64,0.0
7,C,orig,learned_markov_28,pread,10,128,635.09,660.27,603.17,15.66,100.0,1248.16,173.46,1074.80,1887.62,1713.16,0.0
8,A,orig,2e_K10,async,10,128,565.52,569.23,554.24,4.70,100.0,241.37,141.55,99.94,807.15,665.36,0.0
8,A,orig,2e_K10,pread,10,128,567.55,569.48,564.70,1.67,100.0,2618.76,140.55,2478.41,3185.02,3044.68,0.0
8,A,orig,2f_top14,async,10,128,569.59,600.83,565.78,13.05,100.0,222.02,141.30,80.91,790.81,649.95,0.0
8,A,orig,2f_top14,pread,10,128,567.70,571.59,565.40,2.30,100.0,1352.97,141.37,1213.28,1919.65,1779.96,0.0
8,A,orig,2f_top28,async,10,128,568.33,588.59,560.95,10.94,100.0,241.30,141.77,99.84,810.03,666.95,0.0
8,A,orig,2f_top28,pread,10,128,568.92,576.35,498.28,22.00,100.0,2582.03,141.48,2439.83,3147.52,3006.11,0.0
8,A,orig,baseline,baseline,10,128,900.27,908.34,825.77,23.14,0.0,0.00,0.00,0.00,900.27,900.27,0.0
8,A,orig,learned_markov_14,async,10,128,567.88,571.28,499.06,20.86,100.0,223.14,141.51,81.25,790.23,649.24,0.0
8,A,orig,learned_markov_14,pread,10,128,568.89,581.10,560.69,6.33,100.0,1360.03,142.42,1218.85,1934.85,1791.78,0.0
8,A,orig,learned_markov_28,async,10,128,569.05,576.30,499.05,21.61,100.0,244.06,142.00,101.47,813.35,669.72,0.0
8,A,orig,learned_markov_28,pread,10,128,566.99,570.42,497.93,20.88,100.0,2616.74,141.66,2474.35,3167.94,3025.49,0.0
8,B,orig,2e_K10,async,10,128,536.38,571.03,531.77,15.41,100.0,244.59,142.37,102.48,782.06,639.48,0.0
8,B,orig,2e_K10,pread,10,128,567.19,576.67,538.48,11.93,100.0,2652.15,141.48,2511.69,3225.32,3086.64,0.0
8,B,orig,2f_top14,async,10,128,566.50,631.97,532.43,35.32,100.0,222.22,141.44,81.66,788.57,647.65,0.0
8,B,orig,2f_top14,pread,10,128,564.86,609.11,534.68,23.80,100.0,1353.09,140.94,1213.28,1908.03,1766.88,0.0
8,B,orig,2f_top28,async,10,128,530.50,575.33,527.30,19.70,100.0,244.10,141.68,102.39,775.90,633.53,0.0
8,B,orig,2f_top28,pread,10,128,558.36,592.89,528.93,24.42,100.0,2525.94,141.12,2384.05,3073.49,2932.84,0.0
8,B,orig,baseline,baseline,10,128,559.90,611.72,517.90,32.86,0.0,0.00,0.00,0.00,559.90,559.90,0.0
8,B,orig,learned_markov_14,async,10,128,564.11,569.34,530.87,14.85,100.0,223.62,141.67,81.75,786.20,644.57,0.0
8,B,orig,learned_markov_14,pread,10,128,535.15,606.72,531.76,30.32,100.0,1373.88,141.61,1231.40,1920.22,1779.19,0.0
8,B,orig,learned_markov_28,async,10,128,569.20,575.18,531.83,16.44,100.0,242.09,141.35,100.34,808.44,668.46,0.0
8,B,orig,learned_markov_28,pread,10,128,568.90,605.26,533.14,24.07,100.0,2494.44,142.77,2348.87,3059.16,2917.06,0.0
8,C,orig,2e_K10,async,10,128,178.42,184.80,176.37,3.15,100.0,220.99,141.57,79.69,399.97,258.32,0.0
8,C,orig,2e_K10,pread,10,128,178.58,182.92,177.92,2.15,100.0,1350.36,141.41,1208.96,1528.86,1387.45,0.0
8,C,orig,2f_top14,async,10,128,178.56,179.82,170.85,2.67,100.0,221.43,140.56,80.50,398.36,258.35,0.0
8,C,orig,2f_top14,pread,10,128,177.68,182.33,176.23,2.23,100.0,1192.71,141.43,1050.48,1371.62,1229.39,0.0
8,C,orig,2f_top28,async,10,128,178.72,181.07,176.12,1.64,100.0,238.46,141.84,96.50,417.37,275.28,0.0
8,C,orig,2f_top28,pread,10,128,179.56,185.04,177.20,2.68,100.0,1243.11,141.89,1101.21,1421.06,1279.10,0.0
8,C,orig,baseline,baseline,10,128,881.07,887.01,757.34,41.54,0.0,0.00,0.00,0.00,881.07,881.07,0.0
8,C,orig,learned_markov_14,async,10,128,180.86,184.69,176.72,2.61,100.0,221.22,141.47,80.17,402.05,261.06,0.0
8,C,orig,learned_markov_14,pread,10,128,179.36,189.81,176.64,5.57,100.0,1229.81,141.34,1088.23,1409.41,1267.84,0.0
8,C,orig,learned_markov_28,async,10,128,178.59,186.01,177.93,3.09,100.0,239.01,141.31,97.05,417.63,276.11,0.0
8,C,orig,learned_markov_28,pread,10,128,178.94,182.38,178.18,1.77,100.0,1179.16,142.35,1036.91,1358.53,1216.60,0.0
9,A,orig,2e_K10,async,10,128,501.10,504.51,495.18,2.86,100.0,275.45,174.81,100.87,776.93,602.41,0.0
9,A,orig,2e_K10,pread,10,128,502.37,509.96,496.16,4.50,100.0,2747.49,175.02,2572.15,3250.99,3075.90,0.0
9,A,orig,2f_top14,async,10,128,505.32,511.02,473.75,12.61,100.0,260.16,176.97,81.77,763.64,586.93,0.0
9,A,orig,2f_top14,pread,10,128,504.51,512.02,501.71,3.86,100.0,1426.56,175.06,1251.44,1934.82,1759.12,0.0
9,A,orig,2f_top28,async,10,128,504.88,522.75,477.00,15.55,100.0,276.76,175.80,100.94,780.47,606.41,0.0
9,A,orig,2f_top28,pread,10,128,502.34,527.81,471.57,18.62,100.0,2609.01,175.90,2429.73,3112.66,2932.15,0.0
9,A,orig,baseline,baseline,10,128,834.58,875.62,812.62,23.09,0.0,0.00,0.00,0.00,834.58,834.58,0.0
9,A,orig,learned_markov_14,async,10,128,501.18,543.49,472.40,26.92,100.0,257.21,175.12,81.91,759.12,584.34,0.0
9,A,orig,learned_markov_14,pread,10,128,501.34,510.08,442.19,25.37,100.0,1427.99,176.75,1248.57,1918.47,1741.99,0.0
9,A,orig,learned_markov_28,async,10,128,505.28,547.02,474.17,24.74,100.0,277.54,175.25,101.46,783.59,606.32,0.0
9,A,orig,learned_markov_28,pread,10,128,502.18,510.89,469.45,11.18,100.0,2595.59,174.93,2421.97,3094.66,2921.05,0.0
9,B,orig,2e_K10,async,10,128,551.90,561.26,481.13,24.89,100.0,273.74,174.89,99.19,824.13,649.01,0.0
9,B,orig,2e_K10,pread,10,128,551.68,554.55,513.14,15.58,100.0,2772.82,174.53,2598.55,3311.88,3136.45,0.0
9,B,orig,2f_top14,async,10,128,581.45,588.53,514.18,26.64,100.0,256.24,175.04,81.12,837.89,662.65,0.0
9,B,orig,2f_top14,pread,10,128,583.18,591.79,516.40,22.19,100.0,1437.21,175.30,1261.72,2018.77,1840.03,0.0
9,B,orig,2f_top28,async,10,128,555.24,561.57,516.27,12.46,100.0,274.93,175.71,99.21,829.88,653.62,0.0
9,B,orig,2f_top28,pread,10,128,534.31,557.44,480.33,25.45,100.0,2669.74,175.51,2493.06,3207.12,3029.93,0.0
9,B,orig,baseline,baseline,10,128,928.75,988.98,884.97,32.42,0.0,0.00,0.00,0.00,928.75,928.75,0.0
9,B,orig,learned_markov_14,async,10,128,583.69,607.25,484.02,35.79,100.0,258.22,175.16,83.36,841.24,666.08,0.0
9,B,orig,learned_markov_14,pread,10,128,569.82,593.32,488.59,33.19,100.0,1425.51,176.78,1247.90,1993.56,1818.88,0.0
9,B,orig,learned_markov_28,async,10,128,582.10,601.57,514.86,30.35,100.0,274.19,174.54,99.82,854.72,680.12,0.0
9,B,orig,learned_markov_28,pread,10,128,582.94,641.11,513.66,46.89,100.0,2473.35,174.99,2294.74,3045.90,2867.73,0.0
9,C,orig,2e_K10,async,10,128,179.76,184.51,173.71,3.26,100.0,253.49,175.29,78.91,434.86,259.32,0.0
9,C,orig,2e_K10,pread,10,128,178.48,186.24,175.69,3.54,100.0,1375.32,175.57,1198.83,1553.80,1380.11,0.0
9,C,orig,2f_top14,async,10,128,180.03,188.41,176.89,4.30,100.0,220.97,141.87,78.99,401.91,259.21,0.0
9,C,orig,2f_top14,pread,10,128,178.83,180.57,175.87,1.36,100.0,1246.55,140.95,1105.76,1425.39,1284.60,0.0
9,C,orig,2f_top28,async,10,128,178.18,179.81,177.40,0.83,100.0,271.62,174.84,96.92,450.30,275.30,0.0
9,C,orig,2f_top28,pread,10,128,179.25,186.88,177.41,3.39,100.0,1243.03,174.43,1068.26,1421.65,1246.78,0.0
9,C,orig,baseline,baseline,10,128,854.40,886.83,750.00,40.37,0.0,0.00,0.00,0.00,854.40,854.40,0.0
9,C,orig,learned_markov_14,async,10,128,180.17,184.57,178.35,2.12,100.0,253.32,174.56,78.91,433.09,258.48,0.0
9,C,orig,learned_markov_14,pread,10,128,179.27,194.04,177.23,7.41,100.0,1277.91,175.70,1101.60,1455.27,1280.12,0.0
9,C,orig,learned_markov_28,async,10,128,178.97,180.60,176.13,1.38,100.0,271.47,175.10,96.63,450.76,275.66,0.0
9,C,orig,learned_markov_28,pread,10,128,178.93,184.79,177.96,2.48,100.0,1278.73,175.45,1102.73,1457.62,1281.62,0.0
10,A,orig,2e_K10,async,10,128,188.25,280.78,178.80,46.94,100.0,250.78,149.07,101.37,438.65,289.94,0.0
10,A,orig,2e_K10,pread,10,128,192.19,213.34,181.50,11.54,100.0,2685.03,149.75,2539.27,2869.40,2723.63,0.0
10,A,orig,2f_top14,async,10,128,191.19,212.63,180.92,10.72,100.0,232.11,148.51,83.78,423.41,274.44,0.0
10,A,orig,2f_top14,pread,10,128,186.21,204.67,180.11,9.29,100.0,1416.38,148.71,1271.26,1607.93,1459.01,0.0
10,A,orig,2f_top28,async,10,128,192.41,213.62,178.73,11.34,100.0,250.70,148.33,102.78,438.11,293.11,0.0
10,A,orig,2f_top28,pread,10,128,187.54,207.76,180.76,9.55,100.0,2603.45,148.27,2448.68,2800.74,2652.79,0.0
10,A,orig,baseline,baseline,10,128,988.14,1046.56,926.06,35.93,0.0,0.00,0.00,0.00,988.14,988.14,0.0
10,A,orig,learned_markov_14,async,10,128,547.74,570.92,536.00,12.02,100.0,228.57,145.72,83.36,778.53,632.62,0.0
10,A,orig,learned_markov_14,pread,10,128,552.64,569.31,532.59,11.83,100.0,1382.16,148.44,1233.58,1937.55,1792.10,0.0
10,A,orig,learned_markov_28,async,10,128,552.24,589.81,544.18,18.09,100.0,251.03,147.98,103.50,804.57,657.28,0.0
10,A,orig,learned_markov_28,pread,10,128,553.55,595.56,543.40,19.71,100.0,2551.90,148.16,2404.91,3109.95,2962.97,0.0
10,B,orig,2e_K10,async,10,128,556.61,576.65,489.38,23.43,100.0,249.10,145.38,105.38,804.17,660.73,0.0
10,B,orig,2e_K10,pread,10,128,559.04,583.12,548.50,11.64,100.0,2858.57,144.88,2713.76,3412.07,3267.27,0.0
10,B,orig,2f_top14,async,10,128,564.40,591.65,551.07,13.77,100.0,233.14,148.88,86.35,797.99,649.02,0.0
10,B,orig,2f_top14,pread,10,128,567.32,585.94,549.13,12.48,100.0,1436.30,148.73,1288.61,1998.51,1851.47,0.0
10,B,orig,2f_top28,async,10,128,553.19,619.95,539.34,29.54,100.0,251.16,146.17,105.72,801.78,658.91,0.0
10,B,orig,2f_top28,pread,10,128,554.29,603.17,543.34,24.10,100.0,2664.28,149.01,2515.22,3224.43,3076.23,0.0
10,B,orig,baseline,baseline,10,128,987.28,1038.33,977.36,22.10,0.0,0.00,0.00,0.00,987.28,987.28,0.0
10,B,orig,learned_markov_14,async,10,128,554.93,2222.03,496.07,900.60,100.0,230.29,147.66,82.84,785.42,637.68,0.0
10,B,orig,learned_markov_14,pread,10,128,559.23,592.13,504.38,23.17,100.0,1383.47,147.25,1238.26,1949.52,1804.12,0.0
10,B,orig,learned_markov_28,async,10,128,558.56,591.89,549.09,15.38,100.0,251.03,147.65,103.38,807.00,661.49,0.0
10,B,orig,learned_markov_28,pread,10,128,559.81,782.37,551.85,112.33,100.0,2577.38,147.92,2430.38,3164.62,3013.70,0.0
10,C,orig,2e_K10,async,10,128,183.84,202.12,177.72,8.92,100.0,222.29,143.30,79.62,408.59,263.47,0.0
10,C,orig,2e_K10,pread,10,128,188.88,292.79,178.53,42.65,100.0,1332.36,142.39,1186.52,1552.14,1410.22,0.0
10,C,orig,2f_top14,async,10,128,186.93,205.24,178.83,9.29,100.0,228.66,147.93,80.88,411.60,267.21,0.0
10,C,orig,2f_top14,pread,10,128,187.30,214.50,180.96,11.81,100.0,1218.49,142.95,1072.38,1408.85,1261.03,0.0
10,C,orig,2f_top28,async,10,128,184.65,204.28,177.76,9.03,100.0,245.41,148.05,97.81,429.68,281.33,0.0
10,C,orig,2f_top28,pread,10,128,184.47,199.67,179.95,7.54,100.0,1226.85,143.65,1080.72,1410.61,1266.82,0.0
10,C,orig,baseline,baseline,10,128,885.65,919.36,858.96,20.06,0.0,0.00,0.00,0.00,885.65,885.65,0.0
10,C,orig,learned_markov_14,async,10,128,186.19,279.60,179.25,44.92,100.0,227.65,147.78,80.90,413.48,266.59,0.0
10,C,orig,learned_markov_14,pread,10,128,183.92,203.69,177.97,9.34,100.0,1194.78,147.92,1052.78,1394.86,1247.82,0.0
10,C,orig,learned_markov_28,async,10,128,183.88,200.01,177.41,8.28,100.0,247.25,145.53,99.40,433.55,284.49,0.0
10,C,orig,learned_markov_28,pread,10,128,184.25,200.15,177.40,8.24,100.0,1213.72,147.86,1071.31,1402.28,1256.33,0.0
